date,price_usd,volume_credits,market,year,month
2018-01-01,10.13,232426,EU ETS,2018,1
2018-01-02,9.93,392015,RGGI,2018,1
2018-01-03,10.11,15544,California,2018,1
2018-01-04,9.44,450050,RGGI,2018,1
2018-01-05,9.32,257437,Voluntary,2018,1
2018-01-06,9.67,85678,RGGI,2018,1
2018-01-07,9.92,110090,EU ETS,2018,1
2018-01-08,10.7,408967,Voluntary,2018,1
2018-01-09,10.14,368986,Voluntary,2018,1
2018-01-10,9.77,205601,Voluntary,2018,1
2018-01-11,9.12,219143,EU ETS,2018,1
2018-01-12,8.47,326633,EU ETS,2018,1
2018-01-13,9.43,301696,Voluntary,2018,1
2018-01-14,9.63,283835,RGGI,2018,1
2018-01-15,8.84,378286,EU ETS,2018,1
2018-01-16,8.88,372880,RGGI,2018,1
2018-01-17,8.96,481026,EU ETS,2018,1
2018-01-18,8.82,30661,RGGI,2018,1
2018-01-19,8.86,64243,EU ETS,2018,1
2018-01-20,8.91,159543,EU ETS,2018,1
2018-01-21,8.62,127930,RGGI,2018,1
2018-01-22,9.58,313552,Voluntary,2018,1
2018-01-23,10.09,323053,RGGI,2018,1
2018-01-24,10.11,89516,Voluntary,2018,1
2018-01-25,10.05,361110,EU ETS,2018,1
2018-01-26,9.84,45323,EU ETS,2018,1
2018-01-27,9.11,444465,EU ETS,2018,1
2018-01-28,8.4,255881,EU ETS,2018,1
2018-01-29,9.06,270236,Voluntary,2018,1
2018-01-30,8.32,102594,EU ETS,2018,1
2018-01-31,8.19,87907,Voluntary,2018,1
2018-02-01,8.58,306404,RGGI,2018,2
2018-02-02,8.08,409822,California,2018,2
2018-02-03,8.54,333891,California,2018,2
2018-02-04,7.8,16267,California,2018,2
2018-02-05,8.12,474359,RGGI,2018,2
2018-02-06,7.97,337349,RGGI,2018,2
2018-02-07,7.66,251545,Voluntary,2018,2
2018-02-08,8.01,465163,RGGI,2018,2
2018-02-09,7.79,464593,RGGI,2018,2
2018-02-10,8.34,143381,California,2018,2
2018-02-11,8.16,211105,Voluntary,2018,2
2018-02-12,8.56,96907,EU ETS,2018,2
2018-02-13,8.27,222055,Voluntary,2018,2
2018-02-14,7.67,418189,California,2018,2
2018-02-15,7.67,30630,Voluntary,2018,2
2018-02-16,7.03,480848,California,2018,2
2018-02-17,6.66,419456,California,2018,2
2018-02-18,7.43,423880,RGGI,2018,2
2018-02-19,8.06,217340,RGGI,2018,2
2018-02-20,7.94,70404,RGGI,2018,2
2018-02-21,8.52,12515,Voluntary,2018,2
2018-02-22,8.34,412035,EU ETS,2018,2
2018-02-23,9.0,250021,Voluntary,2018,2
2018-02-24,9.27,34340,Voluntary,2018,2
2018-02-25,9.41,332634,RGGI,2018,2
2018-02-26,9.54,51335,Voluntary,2018,2
2018-02-27,9.23,331008,EU ETS,2018,2
2018-02-28,9.36,120854,Voluntary,2018,2
2018-03-01,9.47,99608,Voluntary,2018,3
2018-03-02,9.99,363286,Voluntary,2018,3
2018-03-03,9.99,149215,Voluntary,2018,3
2018-03-04,9.24,333591,RGGI,2018,3
2018-03-05,8.81,145495,Voluntary,2018,3
2018-03-06,9.39,176376,California,2018,3
2018-03-07,10.34,396210,EU ETS,2018,3
2018-03-08,9.72,71111,EU ETS,2018,3
2018-03-09,10.16,39755,Voluntary,2018,3
2018-03-10,10.8,461727,EU ETS,2018,3
2018-03-11,11.73,141221,RGGI,2018,3
2018-03-12,12.15,480321,Voluntary,2018,3
2018-03-13,12.43,439133,California,2018,3
2018-03-14,11.76,197152,RGGI,2018,3
2018-03-15,11.18,359180,California,2018,3
2018-03-16,10.47,355547,RGGI,2018,3
2018-03-17,10.97,114102,Voluntary,2018,3
2018-03-18,11.42,456390,EU ETS,2018,3
2018-03-19,12.2,30910,California,2018,3
2018-03-20,11.67,460062,RGGI,2018,3
2018-03-21,11.34,191490,RGGI,2018,3
2018-03-22,11.74,80388,EU ETS,2018,3
2018-03-23,11.54,184001,Voluntary,2018,3
2018-03-24,11.72,95965,RGGI,2018,3
2018-03-25,12.58,297341,EU ETS,2018,3
2018-03-26,13.07,83875,EU ETS,2018,3
2018-03-27,13.81,431719,Voluntary,2018,3
2018-03-28,13.86,368135,Voluntary,2018,3
2018-03-29,14.15,293027,Voluntary,2018,3
2018-03-30,14.16,212687,EU ETS,2018,3
2018-03-31,13.89,316118,California,2018,3
2018-04-01,14.77,64365,RGGI,2018,4
2018-04-02,15.27,491742,Voluntary,2018,4
2018-04-03,15.7,426495,California,2018,4
2018-04-04,15.04,235328,EU ETS,2018,4
2018-04-05,15.07,271638,Voluntary,2018,4
2018-04-06,15.23,433977,Voluntary,2018,4
2018-04-07,15.05,85527,California,2018,4
2018-04-08,15.01,463127,RGGI,2018,4
2018-04-09,15.33,273951,RGGI,2018,4
2018-04-10,15.59,294037,RGGI,2018,4
2018-04-11,16.48,183352,Voluntary,2018,4
2018-04-12,16.19,278813,Voluntary,2018,4
2018-04-13,16.98,407668,Voluntary,2018,4
2018-04-14,17.92,133522,Voluntary,2018,4
2018-04-15,17.12,491331,California,2018,4
2018-04-16,17.62,314739,California,2018,4
2018-04-17,17.57,476889,EU ETS,2018,4
2018-04-18,18.02,325656,RGGI,2018,4
2018-04-19,17.54,247858,Voluntary,2018,4
2018-04-20,17.94,43555,California,2018,4
2018-04-21,17.59,479663,California,2018,4
2018-04-22,17.72,24268,EU ETS,2018,4
2018-04-23,17.19,156171,Voluntary,2018,4
2018-04-24,17.81,260880,California,2018,4
2018-04-25,17.77,423308,Voluntary,2018,4
2018-04-26,17.7,492933,EU ETS,2018,4
2018-04-27,18.67,224742,RGGI,2018,4
2018-04-28,18.12,79370,California,2018,4
2018-04-29,18.88,42559,RGGI,2018,4
2018-04-30,18.13,229616,Voluntary,2018,4
2018-05-01,18.43,281822,EU ETS,2018,5
2018-05-02,19.19,131669,EU ETS,2018,5
2018-05-03,19.07,78849,California,2018,5
2018-05-04,19.08,494338,Voluntary,2018,5
2018-05-05,18.72,37712,California,2018,5
2018-05-06,19.42,363992,California,2018,5
2018-05-07,20.08,488984,RGGI,2018,5
2018-05-08,19.4,226979,California,2018,5
2018-05-09,19.11,249373,Voluntary,2018,5
2018-05-10,19.06,461714,EU ETS,2018,5
2018-05-11,19.7,65123,California,2018,5
2018-05-12,20.03,119946,EU ETS,2018,5
2018-05-13,20.11,454300,California,2018,5
2018-05-14,20.32,265994,EU ETS,2018,5
2018-05-15,21.15,228206,EU ETS,2018,5
2018-05-16,20.92,472424,Voluntary,2018,5
2018-05-17,20.75,461813,Voluntary,2018,5
2018-05-18,20.87,207503,California,2018,5
2018-05-19,20.71,180972,Voluntary,2018,5
2018-05-20,20.05,497636,EU ETS,2018,5
2018-05-21,19.55,458011,California,2018,5
2018-05-22,19.36,49859,California,2018,5
2018-05-23,20.21,284365,RGGI,2018,5
2018-05-24,20.19,31759,Voluntary,2018,5
2018-05-25,20.89,331625,Voluntary,2018,5
2018-05-26,20.79,493573,Voluntary,2018,5
2018-05-27,20.31,272931,California,2018,5
2018-05-28,21.29,450768,Voluntary,2018,5
2018-05-29,21.3,28876,Voluntary,2018,5
2018-05-30,20.78,137160,EU ETS,2018,5
2018-05-31,21.18,450263,California,2018,5
2018-06-01,21.85,293322,RGGI,2018,6
2018-06-02,21.22,394610,California,2018,6
2018-06-03,20.79,93541,EU ETS,2018,6
2018-06-04,20.37,236802,RGGI,2018,6
2018-06-05,20.51,163605,California,2018,6
2018-06-06,21.13,497308,RGGI,2018,6
2018-06-07,21.31,81399,RGGI,2018,6
2018-06-08,22.21,378272,Voluntary,2018,6
2018-06-09,21.74,85510,RGGI,2018,6
2018-06-10,22.27,25235,California,2018,6
2018-06-11,21.74,275194,RGGI,2018,6
2018-06-12,21.75,128749,Voluntary,2018,6
2018-06-13,21.74,51939,EU ETS,2018,6
2018-06-14,21.67,359090,California,2018,6
2018-06-15,22.35,149439,Voluntary,2018,6
2018-06-16,23.02,405518,Voluntary,2018,6
2018-06-17,23.08,189371,RGGI,2018,6
2018-06-18,22.59,350983,California,2018,6
2018-06-19,23.34,456362,RGGI,2018,6
2018-06-20,23.44,384256,EU ETS,2018,6
2018-06-21,22.74,183325,California,2018,6
2018-06-22,22.55,196883,RGGI,2018,6
2018-06-23,22.14,75969,RGGI,2018,6
2018-06-24,21.74,343462,California,2018,6
2018-06-25,21.25,190560,RGGI,2018,6
2018-06-26,22.11,21872,Voluntary,2018,6
2018-06-27,22.58,423484,Voluntary,2018,6
2018-06-28,21.86,391063,California,2018,6
2018-06-29,21.66,187078,Voluntary,2018,6
2018-06-30,22.49,283262,California,2018,6
2018-07-01,23.46,427209,RGGI,2018,7
2018-07-02,24.26,250204,EU ETS,2018,7
2018-07-03,23.99,64525,RGGI,2018,7
2018-07-04,24.05,302509,EU ETS,2018,7
2018-07-05,23.9,316069,RGGI,2018,7
2018-07-06,24.24,463103,Voluntary,2018,7
2018-07-07,24.16,348125,RGGI,2018,7
2018-07-08,23.78,214983,Voluntary,2018,7
2018-07-09,23.67,15326,Voluntary,2018,7
2018-07-10,24.6,156033,Voluntary,2018,7
2018-07-11,25.14,236090,RGGI,2018,7
2018-07-12,25.69,118647,California,2018,7
2018-07-13,26.17,336945,EU ETS,2018,7
2018-07-14,27.11,95477,Voluntary,2018,7
2018-07-15,27.29,183169,Voluntary,2018,7
2018-07-16,27.45,491306,RGGI,2018,7
2018-07-17,26.7,355629,RGGI,2018,7
2018-07-18,27.5,135384,Voluntary,2018,7
2018-07-19,28.4,315494,Voluntary,2018,7
2018-07-20,29.32,231116,Voluntary,2018,7
2018-07-21,28.58,226310,EU ETS,2018,7
2018-07-22,28.92,321762,Voluntary,2018,7
2018-07-23,28.5,54639,California,2018,7
2018-07-24,29.39,34745,California,2018,7
2018-07-25,30.14,138418,EU ETS,2018,7
2018-07-26,30.59,136523,RGGI,2018,7
2018-07-27,29.95,408043,RGGI,2018,7
2018-07-28,29.41,127359,California,2018,7
2018-07-29,29.25,298213,EU ETS,2018,7
2018-07-30,29.03,475366,EU ETS,2018,7
2018-07-31,28.3,363191,EU ETS,2018,7
2018-08-01,29.2,201876,California,2018,8
2018-08-02,28.78,156907,California,2018,8
2018-08-03,28.56,250325,EU ETS,2018,8
2018-08-04,28.0,353899,RGGI,2018,8
2018-08-05,28.08,278170,RGGI,2018,8
2018-08-06,27.41,177127,RGGI,2018,8
2018-08-07,27.27,236226,Voluntary,2018,8
2018-08-08,27.3,490519,Voluntary,2018,8
2018-08-09,27.13,269332,Voluntary,2018,8
2018-08-10,27.36,330657,Voluntary,2018,8
2018-08-11,28.31,23326,Voluntary,2018,8
2018-08-12,28.1,350020,California,2018,8
2018-08-13,28.54,212754,California,2018,8
2018-08-14,28.75,341109,EU ETS,2018,8
2018-08-15,28.75,167476,Voluntary,2018,8
2018-08-16,29.52,450318,Voluntary,2018,8
2018-08-17,30.34,303156,California,2018,8
2018-08-18,30.66,94123,Voluntary,2018,8
2018-08-19,30.1,457343,Voluntary,2018,8
2018-08-20,29.56,499175,EU ETS,2018,8
2018-08-21,30.45,478828,California,2018,8
2018-08-22,31.05,48957,RGGI,2018,8
2018-08-23,31.42,60478,EU ETS,2018,8
2018-08-24,31.72,382121,California,2018,8
2018-08-25,31.08,446328,Voluntary,2018,8
2018-08-26,31.17,382523,Voluntary,2018,8
2018-08-27,30.94,41479,California,2018,8
2018-08-28,30.22,433012,California,2018,8
2018-08-29,30.27,212226,Voluntary,2018,8
2018-08-30,30.3,23485,California,2018,8
2018-08-31,30.04,39718,California,2018,8
2018-09-01,30.72,199989,California,2018,9
2018-09-02,30.23,58004,California,2018,9
2018-09-03,30.76,159166,Voluntary,2018,9
2018-09-04,29.98,378171,California,2018,9
2018-09-05,30.23,415224,RGGI,2018,9
2018-09-06,29.85,347633,EU ETS,2018,9
2018-09-07,30.08,57319,California,2018,9
2018-09-08,30.72,56424,EU ETS,2018,9
2018-09-09,30.57,445396,California,2018,9
2018-09-10,30.41,309721,Voluntary,2018,9
2018-09-11,30.66,42050,EU ETS,2018,9
2018-09-12,30.36,438500,RGGI,2018,9
2018-09-13,30.66,142582,EU ETS,2018,9
2018-09-14,30.1,487572,California,2018,9
2018-09-15,30.93,180350,Voluntary,2018,9
2018-09-16,30.86,55269,EU ETS,2018,9
2018-09-17,31.78,419850,EU ETS,2018,9
2018-09-18,31.35,168651,California,2018,9
2018-09-19,31.02,273370,Voluntary,2018,9
2018-09-20,31.07,115973,California,2018,9
2018-09-21,31.35,369461,RGGI,2018,9
2018-09-22,31.8,477923,RGGI,2018,9
2018-09-23,31.77,228109,EU ETS,2018,9
2018-09-24,31.3,135418,Voluntary,2018,9
2018-09-25,31.98,70804,EU ETS,2018,9
2018-09-26,31.45,415417,California,2018,9
2018-09-27,31.76,472868,California,2018,9
2018-09-28,31.87,127329,EU ETS,2018,9
2018-09-29,31.23,320411,Voluntary,2018,9
2018-09-30,31.44,95333,EU ETS,2018,9
2018-10-01,31.64,348021,EU ETS,2018,10
2018-10-02,31.89,365166,RGGI,2018,10
2018-10-03,31.63,198986,California,2018,10
2018-10-04,31.17,442276,EU ETS,2018,10
2018-10-05,31.58,465532,EU ETS,2018,10
2018-10-06,31.71,46754,California,2018,10
2018-10-07,31.25,215811,California,2018,10
2018-10-08,30.62,89484,California,2018,10
2018-10-09,31.19,471898,RGGI,2018,10
2018-10-10,31.27,167492,EU ETS,2018,10
2018-10-11,32.11,54604,EU ETS,2018,10
2018-10-12,32.86,124113,EU ETS,2018,10
2018-10-13,33.17,475492,RGGI,2018,10
2018-10-14,32.89,178327,EU ETS,2018,10
2018-10-15,32.3,388628,California,2018,10
2018-10-16,32.9,22019,California,2018,10
2018-10-17,32.59,428912,Voluntary,2018,10
2018-10-18,32.86,235369,EU ETS,2018,10
2018-10-19,33.78,50167,Voluntary,2018,10
2018-10-20,34.59,258905,RGGI,2018,10
2018-10-21,34.41,443259,RGGI,2018,10
2018-10-22,34.43,403808,California,2018,10
2018-10-23,34.28,460711,RGGI,2018,10
2018-10-24,33.75,49448,RGGI,2018,10
2018-10-25,34.31,119559,EU ETS,2018,10
2018-10-26,34.22,447910,California,2018,10
2018-10-27,34.61,346849,EU ETS,2018,10
2018-10-28,33.98,457100,EU ETS,2018,10
2018-10-29,33.75,475993,RGGI,2018,10
2018-10-30,34.7,26240,California,2018,10
2018-10-31,35.27,310590,RGGI,2018,10
2018-11-01,36.02,117884,EU ETS,2018,11
2018-11-02,35.98,465945,RGGI,2018,11
2018-11-03,35.22,191073,Voluntary,2018,11
2018-11-04,35.15,323102,RGGI,2018,11
2018-11-05,35.06,326982,California,2018,11
2018-11-06,35.81,81788,California,2018,11
2018-11-07,35.41,251808,EU ETS,2018,11
2018-11-08,34.66,66672,Voluntary,2018,11
2018-11-09,34.8,14667,EU ETS,2018,11
2018-11-10,35.05,464373,EU ETS,2018,11
2018-11-11,34.74,35457,RGGI,2018,11
2018-11-12,34.3,105737,California,2018,11
2018-11-13,34.03,452698,EU ETS,2018,11
2018-11-14,34.67,222976,Voluntary,2018,11
2018-11-15,35.47,418061,RGGI,2018,11
2018-11-16,35.2,472256,California,2018,11
2018-11-17,35.52,351359,California,2018,11
2018-11-18,35.16,185664,EU ETS,2018,11
2018-11-19,35.87,268415,California,2018,11
2018-11-20,35.33,456126,Voluntary,2018,11
2018-11-21,36.17,449598,California,2018,11
2018-11-22,36.61,298573,Voluntary,2018,11
2018-11-23,37.14,196683,Voluntary,2018,11
2018-11-24,38.14,69018,California,2018,11
2018-11-25,38.46,69940,RGGI,2018,11
2018-11-26,39.07,122601,Voluntary,2018,11
2018-11-27,39.2,96556,California,2018,11
2018-11-28,39.17,294510,California,2018,11
2018-11-29,39.36,266397,California,2018,11
2018-11-30,39.27,304960,California,2018,11
2018-12-01,38.73,136102,EU ETS,2018,12
2018-12-02,37.99,374305,California,2018,12
2018-12-03,37.93,240149,Voluntary,2018,12
2018-12-04,38.07,226685,RGGI,2018,12
2018-12-05,38.88,153377,RGGI,2018,12
2018-12-06,39.41,383141,Voluntary,2018,12
2018-12-07,38.79,131051,RGGI,2018,12
2018-12-08,39.37,78298,EU ETS,2018,12
2018-12-09,39.29,65390,RGGI,2018,12
2018-12-10,39.09,476753,California,2018,12
2018-12-11,39.32,262070,RGGI,2018,12
2018-12-12,38.59,146392,Voluntary,2018,12
2018-12-13,38.71,12553,EU ETS,2018,12
2018-12-14,38.11,416980,Voluntary,2018,12
2018-12-15,37.77,51665,Voluntary,2018,12
2018-12-16,37.76,295238,EU ETS,2018,12
2018-12-17,38.23,382946,California,2018,12
2018-12-18,38.7,477472,EU ETS,2018,12
2018-12-19,38.03,292599,RGGI,2018,12
2018-12-20,37.44,170912,RGGI,2018,12
2018-12-21,38.29,460755,California,2018,12
2018-12-22,39.07,49913,EU ETS,2018,12
2018-12-23,39.2,97234,RGGI,2018,12
2018-12-24,39.75,21605,Voluntary,2018,12
2018-12-25,39.56,381865,Voluntary,2018,12
2018-12-26,39.45,193833,Voluntary,2018,12
2018-12-27,38.96,218790,California,2018,12
2018-12-28,38.85,404820,Voluntary,2018,12
2018-12-29,39.71,418340,California,2018,12
2018-12-30,39.81,56926,Voluntary,2018,12
2018-12-31,40.46,114021,Voluntary,2018,12
2019-01-01,41.24,364763,Voluntary,2019,1
2019-01-02,41.58,175025,Voluntary,2019,1
2019-01-03,42.57,454386,Voluntary,2019,1
2019-01-04,42.98,423101,RGGI,2019,1
2019-01-05,42.23,131040,EU ETS,2019,1
2019-01-06,42.96,58609,RGGI,2019,1
2019-01-07,43.32,82177,California,2019,1
2019-01-08,43.42,88557,California,2019,1
2019-01-09,44.36,207345,RGGI,2019,1
2019-01-10,45.19,370180,California,2019,1
2019-01-11,45.63,351643,RGGI,2019,1
2019-01-12,46.17,430962,California,2019,1
2019-01-13,46.08,288070,California,2019,1
2019-01-14,46.24,355044,EU ETS,2019,1
2019-01-15,47.14,180311,RGGI,2019,1
2019-01-16,46.37,424184,California,2019,1
2019-01-17,46.04,419412,EU ETS,2019,1
2019-01-18,45.97,491674,Voluntary,2019,1
2019-01-19,45.23,69507,EU ETS,2019,1
2019-01-20,44.77,431280,Voluntary,2019,1
2019-01-21,45.51,405112,EU ETS,2019,1
2019-01-22,45.15,437948,Voluntary,2019,1
2019-01-23,45.36,108995,RGGI,2019,1
2019-01-24,46.02,27787,EU ETS,2019,1
2019-01-25,46.46,100555,RGGI,2019,1
2019-01-26,47.33,183392,Voluntary,2019,1
2019-01-27,48.11,75071,Voluntary,2019,1
2019-01-28,48.77,321383,Voluntary,2019,1
2019-01-29,48.43,331418,RGGI,2019,1
2019-01-30,48.4,182649,Voluntary,2019,1
2019-01-31,47.85,54325,RGGI,2019,1
2019-02-01,48.57,376038,Voluntary,2019,2
2019-02-02,49.29,78383,RGGI,2019,2
2019-02-03,49.1,272400,EU ETS,2019,2
2019-02-04,50.05,68849,RGGI,2019,2
2019-02-05,50.99,399276,EU ETS,2019,2
2019-02-06,51.35,244267,California,2019,2
2019-02-07,51.04,251674,Voluntary,2019,2
2019-02-08,51.49,177208,California,2019,2
2019-02-09,51.12,363452,EU ETS,2019,2
2019-02-10,51.79,383082,California,2019,2
2019-02-11,51.98,441652,California,2019,2
2019-02-12,51.94,486812,RGGI,2019,2
2019-02-13,52.43,370108,EU ETS,2019,2
2019-02-14,51.73,243285,EU ETS,2019,2
2019-02-15,51.76,64232,California,2019,2
2019-02-16,52.19,336611,Voluntary,2019,2
2019-02-17,52.54,187125,RGGI,2019,2
2019-02-18,52.47,49265,California,2019,2
2019-02-19,51.74,151863,Voluntary,2019,2
2019-02-20,51.95,57113,Voluntary,2019,2
2019-02-21,51.46,379944,California,2019,2
2019-02-22,51.22,193817,California,2019,2
2019-02-23,51.84,475042,California,2019,2
2019-02-24,52.19,263437,California,2019,2
2019-02-25,52.61,434504,RGGI,2019,2
2019-02-26,53.09,460596,RGGI,2019,2
2019-02-27,53.48,310825,EU ETS,2019,2
2019-02-28,53.86,35311,California,2019,2
2019-03-01,53.81,180766,RGGI,2019,3
2019-03-02,53.5,249256,RGGI,2019,3
2019-03-03,52.88,53404,Voluntary,2019,3
2019-03-04,53.01,78102,EU ETS,2019,3
2019-03-05,53.71,463668,RGGI,2019,3
2019-03-06,54.64,363965,Voluntary,2019,3
2019-03-07,53.97,388291,EU ETS,2019,3
2019-03-08,54.05,312439,EU ETS,2019,3
2019-03-09,53.46,228377,EU ETS,2019,3
2019-03-10,52.79,499173,RGGI,2019,3
2019-03-11,52.46,210186,EU ETS,2019,3
2019-03-12,53.4,315410,California,2019,3
2019-03-13,52.71,312284,RGGI,2019,3
2019-03-14,52.56,169085,California,2019,3
2019-03-15,53.08,168321,RGGI,2019,3
2019-03-16,52.66,393605,Voluntary,2019,3
2019-03-17,53.61,106848,California,2019,3
2019-03-18,53.7,388332,RGGI,2019,3
2019-03-19,54.65,303374,RGGI,2019,3
2019-03-20,54.68,39625,RGGI,2019,3
2019-03-21,54.88,475230,EU ETS,2019,3
2019-03-22,55.22,188591,California,2019,3
2019-03-23,54.73,498333,EU ETS,2019,3
2019-03-24,54.22,403721,EU ETS,2019,3
2019-03-25,54.41,95681,California,2019,3
2019-03-26,54.34,309762,EU ETS,2019,3
2019-03-27,54.64,359094,RGGI,2019,3
2019-03-28,54.58,20238,California,2019,3
2019-03-29,54.76,199050,California,2019,3
2019-03-30,54.95,122725,Voluntary,2019,3
2019-03-31,54.97,224888,Voluntary,2019,3
2019-04-01,54.9,442681,California,2019,4
2019-04-02,55.85,412934,EU ETS,2019,4
2019-04-03,56.55,109044,RGGI,2019,4
2019-04-04,55.76,406892,EU ETS,2019,4
2019-04-05,55.77,435062,California,2019,4
2019-04-06,55.85,417220,EU ETS,2019,4
2019-04-07,56.0,278496,RGGI,2019,4
2019-04-08,56.85,379648,RGGI,2019,4
2019-04-09,57.4,314108,California,2019,4
2019-04-10,56.9,271467,EU ETS,2019,4
2019-04-11,57.13,476250,California,2019,4
2019-04-12,56.82,152249,California,2019,4
2019-04-13,57.23,372578,RGGI,2019,4
2019-04-14,57.31,169629,RGGI,2019,4
2019-04-15,58.07,499616,California,2019,4
2019-04-16,58.38,192249,EU ETS,2019,4
2019-04-17,59.11,428614,Voluntary,2019,4
2019-04-18,59.52,151044,Voluntary,2019,4
2019-04-19,59.44,241547,California,2019,4
2019-04-20,59.4,217181,Voluntary,2019,4
2019-04-21,59.82,57087,California,2019,4
2019-04-22,59.93,244224,Voluntary,2019,4
2019-04-23,60.02,312721,Voluntary,2019,4
2019-04-24,59.23,492050,EU ETS,2019,4
2019-04-25,58.78,185030,California,2019,4
2019-04-26,59.34,41986,California,2019,4
2019-04-27,59.32,104136,RGGI,2019,4
2019-04-28,59.63,128367,EU ETS,2019,4
2019-04-29,59.22,453105,RGGI,2019,4
2019-04-30,59.61,483971,Voluntary,2019,4
2019-05-01,59.43,495703,Voluntary,2019,5
2019-05-02,60.35,126748,California,2019,5
2019-05-03,59.56,487374,EU ETS,2019,5
2019-05-04,60.56,251930,Voluntary,2019,5
2019-05-05,61.16,30563,RGGI,2019,5
2019-05-06,60.77,55372,RGGI,2019,5
2019-05-07,60.89,86880,California,2019,5
2019-05-08,60.58,219564,RGGI,2019,5
2019-05-09,60.45,75611,Voluntary,2019,5
2019-05-10,60.92,114913,RGGI,2019,5
2019-05-11,61.49,311337,EU ETS,2019,5
2019-05-12,60.8,428671,Voluntary,2019,5
2019-05-13,61.51,471237,California,2019,5
2019-05-14,61.43,494520,RGGI,2019,5
2019-05-15,61.71,119505,California,2019,5
2019-05-16,61.16,237790,California,2019,5
2019-05-17,60.75,145199,California,2019,5
2019-05-18,60.22,196097,RGGI,2019,5
2019-05-19,59.7,414109,California,2019,5
2019-05-20,59.74,479347,California,2019,5
2019-05-21,59.84,102648,California,2019,5
2019-05-22,59.64,313945,California,2019,5
2019-05-23,59.03,132199,California,2019,5
2019-05-24,59.52,442302,EU ETS,2019,5
2019-05-25,58.73,373292,Voluntary,2019,5
2019-05-26,58.19,118850,Voluntary,2019,5
2019-05-27,59.07,27841,California,2019,5
2019-05-28,59.61,15840,Voluntary,2019,5
2019-05-29,59.16,132275,California,2019,5
2019-05-30,59.59,341484,California,2019,5
2019-05-31,59.75,202484,RGGI,2019,5
2019-06-01,60.1,53248,California,2019,6
2019-06-02,59.94,265257,EU ETS,2019,6
2019-06-03,59.63,124882,RGGI,2019,6
2019-06-04,59.01,284603,Voluntary,2019,6
2019-06-05,59.57,370229,EU ETS,2019,6
2019-06-06,59.62,230707,RGGI,2019,6
2019-06-07,59.8,478527,RGGI,2019,6
2019-06-08,59.53,452578,Voluntary,2019,6
2019-06-09,59.28,391632,California,2019,6
2019-06-10,58.66,266621,California,2019,6
2019-06-11,58.69,360600,California,2019,6
2019-06-12,58.67,25790,Voluntary,2019,6
2019-06-13,58.24,86267,RGGI,2019,6
2019-06-14,57.8,325901,RGGI,2019,6
2019-06-15,57.94,200138,California,2019,6
2019-06-16,57.61,79618,California,2019,6
2019-06-17,57.96,309979,EU ETS,2019,6
2019-06-18,57.56,249502,RGGI,2019,6
2019-06-19,58.4,364910,California,2019,6
2019-06-20,58.82,52101,Voluntary,2019,6
2019-06-21,58.06,96497,EU ETS,2019,6
2019-06-22,58.33,206152,RGGI,2019,6
2019-06-23,59.27,428312,Voluntary,2019,6
2019-06-24,59.87,367006,EU ETS,2019,6
2019-06-25,59.3,16125,RGGI,2019,6
2019-06-26,59.28,469774,RGGI,2019,6
2019-06-27,59.63,412345,EU ETS,2019,6
2019-06-28,59.56,249988,California,2019,6
2019-06-29,60.54,269109,RGGI,2019,6
2019-06-30,60.59,466567,Voluntary,2019,6
2019-07-01,61.28,312517,RGGI,2019,7
2019-07-02,60.92,303346,Voluntary,2019,7
2019-07-03,61.43,56675,EU ETS,2019,7
2019-07-04,61.04,185609,California,2019,7
2019-07-05,60.8,459061,RGGI,2019,7
2019-07-06,60.69,90060,EU ETS,2019,7
2019-07-07,60.47,306736,RGGI,2019,7
2019-07-08,60.11,364945,RGGI,2019,7
2019-07-09,59.84,310291,RGGI,2019,7
2019-07-10,59.45,326521,Voluntary,2019,7
2019-07-11,59.76,490747,Voluntary,2019,7
2019-07-12,58.97,301677,Voluntary,2019,7
2019-07-13,58.75,400122,Voluntary,2019,7
2019-07-14,58.69,238316,Voluntary,2019,7
2019-07-15,58.25,256378,EU ETS,2019,7
2019-07-16,58.38,123875,EU ETS,2019,7
2019-07-17,57.67,397097,EU ETS,2019,7
2019-07-18,56.9,86793,RGGI,2019,7
2019-07-19,57.79,209318,RGGI,2019,7
2019-07-20,57.39,399496,California,2019,7
2019-07-21,57.22,214745,RGGI,2019,7
2019-07-22,56.79,379348,California,2019,7
2019-07-23,56.3,392580,California,2019,7
2019-07-24,56.01,274761,RGGI,2019,7
2019-07-25,55.69,122106,EU ETS,2019,7
2019-07-26,55.66,215225,EU ETS,2019,7
2019-07-27,56.29,314223,EU ETS,2019,7
2019-07-28,55.55,15440,Voluntary,2019,7
2019-07-29,55.74,235858,RGGI,2019,7
2019-07-30,56.24,391292,EU ETS,2019,7
2019-07-31,56.78,118985,California,2019,7
2019-08-01,56.73,169491,RGGI,2019,8
2019-08-02,57.32,302353,California,2019,8
2019-08-03,57.72,279535,Voluntary,2019,8
2019-08-04,58.02,340354,Voluntary,2019,8
2019-08-05,57.39,235834,EU ETS,2019,8
2019-08-06,58.0,333150,EU ETS,2019,8
2019-08-07,58.28,269862,EU ETS,2019,8
2019-08-08,59.14,163425,Voluntary,2019,8
2019-08-09,59.48,303196,EU ETS,2019,8
2019-08-10,58.71,193537,RGGI,2019,8
2019-08-11,59.38,385270,Voluntary,2019,8
2019-08-12,59.33,311281,Voluntary,2019,8
2019-08-13,58.99,268871,California,2019,8
2019-08-14,59.43,132583,RGGI,2019,8
2019-08-15,60.01,472518,EU ETS,2019,8
2019-08-16,60.55,422289,Voluntary,2019,8
2019-08-17,59.99,310207,EU ETS,2019,8
2019-08-18,60.37,213943,RGGI,2019,8
2019-08-19,60.19,56072,California,2019,8
2019-08-20,60.19,428826,Voluntary,2019,8
2019-08-21,60.72,242019,EU ETS,2019,8
2019-08-22,60.99,493583,California,2019,8
2019-08-23,61.95,153360,California,2019,8
2019-08-24,62.62,195996,EU ETS,2019,8
2019-08-25,62.91,221433,Voluntary,2019,8
2019-08-26,63.22,273907,EU ETS,2019,8
2019-08-27,63.13,401594,Voluntary,2019,8
2019-08-28,62.44,135694,EU ETS,2019,8
2019-08-29,62.56,309184,RGGI,2019,8
2019-08-30,62.26,430591,California,2019,8
2019-08-31,61.94,126544,Voluntary,2019,8
2019-09-01,62.53,131736,Voluntary,2019,9
2019-09-02,62.19,222703,Voluntary,2019,9
2019-09-03,61.7,68771,California,2019,9
2019-09-04,62.38,369676,Voluntary,2019,9
2019-09-05,62.28,441250,California,2019,9
2019-09-06,62.39,43291,EU ETS,2019,9
2019-09-07,62.53,33596,California,2019,9
2019-09-08,62.32,172708,RGGI,2019,9
2019-09-09,62.64,210152,RGGI,2019,9
2019-09-10,61.84,167105,EU ETS,2019,9
2019-09-11,61.42,220953,Voluntary,2019,9
2019-09-12,61.42,250939,RGGI,2019,9
2019-09-13,61.94,315575,EU ETS,2019,9
2019-09-14,62.32,472076,EU ETS,2019,9
2019-09-15,62.29,107655,California,2019,9
2019-09-16,61.7,187224,EU ETS,2019,9
2019-09-17,62.67,134644,RGGI,2019,9
2019-09-18,63.13,194102,RGGI,2019,9
2019-09-19,63.61,382746,EU ETS,2019,9
2019-09-20,63.96,483401,EU ETS,2019,9
2019-09-21,63.23,444397,Voluntary,2019,9
2019-09-22,62.65,283224,California,2019,9
2019-09-23,62.24,205458,California,2019,9
2019-09-24,62.96,228095,RGGI,2019,9
2019-09-25,62.16,437254,California,2019,9
2019-09-26,62.29,175493,EU ETS,2019,9
2019-09-27,62.87,23585,California,2019,9
2019-09-28,63.13,421778,RGGI,2019,9
2019-09-29,62.67,281926,EU ETS,2019,9
2019-09-30,62.06,469261,EU ETS,2019,9
2019-10-01,61.39,458563,Voluntary,2019,10
2019-10-02,62.05,458869,RGGI,2019,10
2019-10-03,61.42,294152,EU ETS,2019,10
2019-10-04,62.26,303043,EU ETS,2019,10
2019-10-05,62.15,489372,EU ETS,2019,10
2019-10-06,62.42,328549,EU ETS,2019,10
2019-10-07,61.97,220329,Voluntary,2019,10
2019-10-08,61.23,196773,Voluntary,2019,10
2019-10-09,60.65,59749,California,2019,10
2019-10-10,61.35,312193,RGGI,2019,10
2019-10-11,61.51,52721,RGGI,2019,10
2019-10-12,62.14,268188,EU ETS,2019,10
2019-10-13,62.21,291158,EU ETS,2019,10
2019-10-14,62.56,329983,California,2019,10
2019-10-15,62.84,116958,California,2019,10
2019-10-16,63.39,455440,Voluntary,2019,10
2019-10-17,62.62,491510,EU ETS,2019,10
2019-10-18,62.9,53898,California,2019,10
2019-10-19,63.84,125345,California,2019,10
2019-10-20,64.5,48915,California,2019,10
2019-10-21,64.2,195081,California,2019,10
2019-10-22,65.13,32067,Voluntary,2019,10
2019-10-23,64.41,37347,California,2019,10
2019-10-24,64.47,364535,EU ETS,2019,10
2019-10-25,65.35,257036,RGGI,2019,10
2019-10-26,65.2,301331,Voluntary,2019,10
2019-10-27,65.1,385572,RGGI,2019,10
2019-10-28,64.76,13620,RGGI,2019,10
2019-10-29,64.68,45805,California,2019,10
2019-10-30,65.51,423659,California,2019,10
2019-10-31,66.0,350612,California,2019,10
2019-11-01,66.85,213596,Voluntary,2019,11
2019-11-02,67.75,235090,Voluntary,2019,11
2019-11-03,67.83,58917,California,2019,11
2019-11-04,67.23,300648,RGGI,2019,11
2019-11-05,66.52,347232,EU ETS,2019,11
2019-11-06,66.69,481448,EU ETS,2019,11
2019-11-07,67.1,79080,California,2019,11
2019-11-08,67.87,332217,California,2019,11
2019-11-09,67.42,105477,Voluntary,2019,11
2019-11-10,67.27,468655,RGGI,2019,11
2019-11-11,67.51,489867,California,2019,11
2019-11-12,66.82,423154,California,2019,11
2019-11-13,66.42,424561,Voluntary,2019,11
2019-11-14,67.08,188700,RGGI,2019,11
2019-11-15,67.28,370460,EU ETS,2019,11
2019-11-16,68.01,472145,RGGI,2019,11
2019-11-17,68.35,309221,RGGI,2019,11
2019-11-18,69.09,35376,Voluntary,2019,11
2019-11-19,68.94,190239,California,2019,11
2019-11-20,68.3,83915,EU ETS,2019,11
2019-11-21,69.02,425554,RGGI,2019,11
2019-11-22,68.23,74198,RGGI,2019,11
2019-11-23,68.84,416833,EU ETS,2019,11
2019-11-24,69.74,476593,EU ETS,2019,11
2019-11-25,69.39,401722,RGGI,2019,11
2019-11-26,70.11,469508,EU ETS,2019,11
2019-11-27,70.55,271914,EU ETS,2019,11
2019-11-28,70.21,431759,California,2019,11
2019-11-29,69.9,305658,Voluntary,2019,11
2019-11-30,69.58,306767,Voluntary,2019,11
2019-12-01,68.83,221780,EU ETS,2019,12
2019-12-02,69.1,435488,Voluntary,2019,12
2019-12-03,69.79,488004,EU ETS,2019,12
2019-12-04,69.73,79050,RGGI,2019,12
2019-12-05,69.4,218863,RGGI,2019,12
2019-12-06,69.67,125573,Voluntary,2019,12
2019-12-07,69.9,31297,RGGI,2019,12
2019-12-08,69.57,328970,Voluntary,2019,12
2019-12-09,68.91,85012,EU ETS,2019,12
2019-12-10,68.63,198264,RGGI,2019,12
2019-12-11,69.5,351071,RGGI,2019,12
2019-12-12,70.34,103921,Voluntary,2019,12
2019-12-13,71.06,363623,Voluntary,2019,12
2019-12-14,71.08,404657,RGGI,2019,12
2019-12-15,71.37,470396,Voluntary,2019,12
2019-12-16,70.92,60188,RGGI,2019,12
2019-12-17,71.81,159784,RGGI,2019,12
2019-12-18,71.26,340309,RGGI,2019,12
2019-12-19,70.68,163874,RGGI,2019,12
2019-12-20,71.48,177860,EU ETS,2019,12
2019-12-21,70.93,420159,RGGI,2019,12
2019-12-22,70.36,432910,RGGI,2019,12
2019-12-23,71.28,54460,EU ETS,2019,12
2019-12-24,71.85,212871,California,2019,12
2019-12-25,72.43,293190,RGGI,2019,12
2019-12-26,72.42,412649,California,2019,12
2019-12-27,72.17,283727,California,2019,12
2019-12-28,71.86,219726,RGGI,2019,12
2019-12-29,71.93,34102,EU ETS,2019,12
2019-12-30,71.84,208431,California,2019,12
2019-12-31,72.55,401124,RGGI,2019,12
2020-01-01,73.23,164849,EU ETS,2020,1
2020-01-02,72.71,480205,Voluntary,2020,1
2020-01-03,73.39,270697,California,2020,1
2020-01-04,72.96,385808,California,2020,1
2020-01-05,72.74,153401,California,2020,1
2020-01-06,73.67,188364,California,2020,1
2020-01-07,73.49,399426,RGGI,2020,1
2020-01-08,74.19,10360,Voluntary,2020,1
2020-01-09,74.73,283930,Voluntary,2020,1
2020-01-10,75.01,470623,EU ETS,2020,1
2020-01-11,75.02,66623,Voluntary,2020,1
2020-01-12,75.94,39656,Voluntary,2020,1
2020-01-13,76.53,14327,Voluntary,2020,1
2020-01-14,77.37,480335,California,2020,1
2020-01-15,77.16,412413,EU ETS,2020,1
2020-01-16,76.7,72404,Voluntary,2020,1
2020-01-17,76.57,226902,EU ETS,2020,1
2020-01-18,76.36,444803,California,2020,1
2020-01-19,76.08,88335,California,2020,1
2020-01-20,75.55,390424,EU ETS,2020,1
2020-01-21,74.76,54667,California,2020,1
2020-01-22,75.62,313380,Voluntary,2020,1
2020-01-23,76.47,476147,California,2020,1
2020-01-24,76.98,425671,Voluntary,2020,1
2020-01-25,77.81,345898,EU ETS,2020,1
2020-01-26,77.52,26236,RGGI,2020,1
2020-01-27,77.64,149061,California,2020,1
2020-01-28,78.07,343014,RGGI,2020,1
2020-01-29,78.84,262556,California,2020,1
2020-01-30,79.28,169245,EU ETS,2020,1
2020-01-31,79.84,60682,EU ETS,2020,1
2020-02-01,79.81,288346,California,2020,2
2020-02-02,79.42,123776,RGGI,2020,2
2020-02-03,79.74,306668,EU ETS,2020,2
2020-02-04,79.85,352435,EU ETS,2020,2
2020-02-05,80.0,431537,RGGI,2020,2
2020-02-06,79.47,172913,California,2020,2
2020-02-07,80.0,190252,RGGI,2020,2
2020-02-08,80.0,333250,RGGI,2020,2
2020-02-09,80.0,366139,Voluntary,2020,2
2020-02-10,79.85,258235,RGGI,2020,2
2020-02-11,80.0,417005,Voluntary,2020,2
2020-02-12,80.0,228634,California,2020,2
2020-02-13,80.0,167552,California,2020,2
2020-02-14,79.55,406988,RGGI,2020,2
2020-02-15,80.0,88168,Voluntary,2020,2
2020-02-16,79.76,402089,California,2020,2
2020-02-17,79.19,178783,California,2020,2
2020-02-18,78.98,45446,RGGI,2020,2
2020-02-19,79.92,366286,California,2020,2
2020-02-20,80.0,183601,EU ETS,2020,2
2020-02-21,80.0,141997,Voluntary,2020,2
2020-02-22,79.86,300465,California,2020,2
2020-02-23,79.98,257320,California,2020,2
2020-02-24,79.19,147361,RGGI,2020,2
2020-02-25,79.1,238142,RGGI,2020,2
2020-02-26,79.95,381505,EU ETS,2020,2
2020-02-27,80.0,293291,RGGI,2020,2
2020-02-28,79.74,380550,RGGI,2020,2
2020-02-29,79.08,358717,California,2020,2
2020-03-01,78.38,257798,Voluntary,2020,3
2020-03-02,77.95,368620,California,2020,3
2020-03-03,78.44,214485,Voluntary,2020,3
2020-03-04,78.73,63856,Voluntary,2020,3
2020-03-05,79.33,381902,California,2020,3
2020-03-06,79.24,59955,EU ETS,2020,3
2020-03-07,79.31,164945,EU ETS,2020,3
2020-03-08,78.97,148059,California,2020,3
2020-03-09,78.18,439412,EU ETS,2020,3
2020-03-10,77.41,213261,EU ETS,2020,3
2020-03-11,77.11,160028,Voluntary,2020,3
2020-03-12,76.56,423376,RGGI,2020,3
2020-03-13,77.44,194825,RGGI,2020,3
2020-03-14,77.2,498412,California,2020,3
2020-03-15,76.78,322034,RGGI,2020,3
2020-03-16,76.16,74215,Voluntary,2020,3
2020-03-17,75.77,439228,California,2020,3
2020-03-18,76.56,421823,RGGI,2020,3
2020-03-19,76.06,236563,RGGI,2020,3
2020-03-20,75.31,23186,EU ETS,2020,3
2020-03-21,75.85,425143,Voluntary,2020,3
2020-03-22,75.46,168087,RGGI,2020,3
2020-03-23,75.32,382999,Voluntary,2020,3
2020-03-24,75.98,385883,RGGI,2020,3
2020-03-25,76.31,394650,EU ETS,2020,3
2020-03-26,77.02,259646,RGGI,2020,3
2020-03-27,76.32,382535,California,2020,3
2020-03-28,75.72,310253,California,2020,3
2020-03-29,75.82,143760,California,2020,3
2020-03-30,75.84,491459,California,2020,3
2020-03-31,75.97,267448,Voluntary,2020,3
2020-04-01,76.22,33611,California,2020,4
2020-04-02,75.81,93979,California,2020,4
2020-04-03,75.34,466625,Voluntary,2020,4
2020-04-04,75.02,31473,RGGI,2020,4
2020-04-05,74.24,246175,California,2020,4
2020-04-06,74.68,173681,California,2020,4
2020-04-07,75.31,301281,RGGI,2020,4
2020-04-08,75.07,257253,RGGI,2020,4
2020-04-09,74.73,250670,EU ETS,2020,4
2020-04-10,74.33,211848,RGGI,2020,4
2020-04-11,75.07,409675,Voluntary,2020,4
2020-04-12,75.0,11956,RGGI,2020,4
2020-04-13,74.88,385939,California,2020,4
2020-04-14,74.37,298161,California,2020,4
2020-04-15,73.79,104888,California,2020,4
2020-04-16,73.2,444631,California,2020,4
2020-04-17,73.95,273950,RGGI,2020,4
2020-04-18,74.71,291639,California,2020,4
2020-04-19,74.77,424258,Voluntary,2020,4
2020-04-20,75.34,80078,RGGI,2020,4
2020-04-21,75.02,424420,California,2020,4
2020-04-22,75.29,113579,EU ETS,2020,4
2020-04-23,76.12,388495,Voluntary,2020,4
2020-04-24,76.48,449629,RGGI,2020,4
2020-04-25,76.71,357213,EU ETS,2020,4
2020-04-26,77.53,220180,RGGI,2020,4
2020-04-27,76.79,153216,Voluntary,2020,4
2020-04-28,77.77,59545,California,2020,4
2020-04-29,77.33,352586,Voluntary,2020,4
2020-04-30,76.9,188285,Voluntary,2020,4
2020-05-01,77.14,304870,EU ETS,2020,5
2020-05-02,76.55,283077,Voluntary,2020,5
2020-05-03,77.51,428558,RGGI,2020,5
2020-05-04,77.34,90750,Voluntary,2020,5
2020-05-05,76.87,25251,RGGI,2020,5
2020-05-06,77.42,255200,EU ETS,2020,5
2020-05-07,77.47,380944,EU ETS,2020,5
2020-05-08,77.22,382412,California,2020,5
2020-05-09,77.85,142340,EU ETS,2020,5
2020-05-10,77.2,225361,Voluntary,2020,5
2020-05-11,77.44,495341,Voluntary,2020,5
2020-05-12,77.97,440056,Voluntary,2020,5
2020-05-13,78.2,145271,California,2020,5
2020-05-14,77.53,139364,RGGI,2020,5
2020-05-15,77.76,113459,EU ETS,2020,5
2020-05-16,77.34,457308,RGGI,2020,5
2020-05-17,76.89,371416,RGGI,2020,5
2020-05-18,76.69,270332,California,2020,5
2020-05-19,76.77,251810,RGGI,2020,5
2020-05-20,76.91,259687,RGGI,2020,5
2020-05-21,76.77,119890,Voluntary,2020,5
2020-05-22,77.38,232898,EU ETS,2020,5
2020-05-23,76.96,416615,Voluntary,2020,5
2020-05-24,76.32,144657,EU ETS,2020,5
2020-05-25,76.57,125374,EU ETS,2020,5
2020-05-26,77.5,352023,Voluntary,2020,5
2020-05-27,77.02,422416,RGGI,2020,5
2020-05-28,77.76,110657,California,2020,5
2020-05-29,78.06,16808,RGGI,2020,5
2020-05-30,78.79,70283,Voluntary,2020,5
2020-05-31,79.54,27384,EU ETS,2020,5
2020-06-01,78.88,127411,EU ETS,2020,6
2020-06-02,78.68,285612,EU ETS,2020,6
2020-06-03,78.44,106169,California,2020,6
2020-06-04,78.38,141656,RGGI,2020,6
2020-06-05,78.69,407484,EU ETS,2020,6
2020-06-06,78.36,316722,EU ETS,2020,6
2020-06-07,77.72,462988,RGGI,2020,6
2020-06-08,77.09,499563,RGGI,2020,6
2020-06-09,77.69,485755,Voluntary,2020,6
2020-06-10,78.38,379117,EU ETS,2020,6
2020-06-11,78.14,339693,EU ETS,2020,6
2020-06-12,77.96,484866,RGGI,2020,6
2020-06-13,77.56,356806,EU ETS,2020,6
2020-06-14,77.45,331439,RGGI,2020,6
2020-06-15,77.48,131197,RGGI,2020,6
2020-06-16,77.49,29172,RGGI,2020,6
2020-06-17,76.91,429935,California,2020,6
2020-06-18,77.48,250160,California,2020,6
2020-06-19,77.45,127294,California,2020,6
2020-06-20,76.76,276819,RGGI,2020,6
2020-06-21,76.98,240074,California,2020,6
2020-06-22,77.79,487716,Voluntary,2020,6
2020-06-23,78.11,255876,EU ETS,2020,6
2020-06-24,78.5,404747,Voluntary,2020,6
2020-06-25,78.36,367577,RGGI,2020,6
2020-06-26,78.67,92290,RGGI,2020,6
2020-06-27,78.71,72151,EU ETS,2020,6
2020-06-28,79.14,171614,EU ETS,2020,6
2020-06-29,79.84,254603,RGGI,2020,6
2020-06-30,79.41,433821,California,2020,6
2020-07-01,79.92,455669,RGGI,2020,7
2020-07-02,79.13,317357,RGGI,2020,7
2020-07-03,79.24,223018,RGGI,2020,7
2020-07-04,79.8,28315,Voluntary,2020,7
2020-07-05,80.0,258660,California,2020,7
2020-07-06,80.0,272644,RGGI,2020,7
2020-07-07,80.0,261054,Voluntary,2020,7
2020-07-08,80.0,375355,California,2020,7
2020-07-09,80.0,225336,Voluntary,2020,7
2020-07-10,79.69,270143,EU ETS,2020,7
2020-07-11,79.19,115258,California,2020,7
2020-07-12,79.27,450222,RGGI,2020,7
2020-07-13,79.66,474005,Voluntary,2020,7
2020-07-14,79.93,433873,Voluntary,2020,7
2020-07-15,80.0,281708,RGGI,2020,7
2020-07-16,80.0,213028,RGGI,2020,7
2020-07-17,80.0,439530,Voluntary,2020,7
2020-07-18,80.0,400375,EU ETS,2020,7
2020-07-19,79.83,451429,California,2020,7
2020-07-20,79.52,242444,Voluntary,2020,7
2020-07-21,80.0,349620,EU ETS,2020,7
2020-07-22,80.0,78004,Voluntary,2020,7
2020-07-23,79.24,201126,California,2020,7
2020-07-24,79.24,98947,EU ETS,2020,7
2020-07-25,79.45,153074,RGGI,2020,7
2020-07-26,79.21,129008,Voluntary,2020,7
2020-07-27,79.01,24148,California,2020,7
2020-07-28,79.0,437159,Voluntary,2020,7
2020-07-29,78.71,464505,EU ETS,2020,7
2020-07-30,79.3,262727,EU ETS,2020,7
2020-07-31,79.17,288971,California,2020,7
2020-08-01,78.73,289800,Voluntary,2020,8
2020-08-02,79.6,314268,California,2020,8
2020-08-03,79.13,328328,EU ETS,2020,8
2020-08-04,78.78,325010,RGGI,2020,8
2020-08-05,78.52,398147,EU ETS,2020,8
2020-08-06,78.98,155068,EU ETS,2020,8
2020-08-07,79.03,250437,California,2020,8
2020-08-08,78.33,430967,Voluntary,2020,8
2020-08-09,77.69,10685,RGGI,2020,8
2020-08-10,77.28,435091,Voluntary,2020,8
2020-08-11,77.99,174744,EU ETS,2020,8
2020-08-12,77.27,396974,California,2020,8
2020-08-13,77.21,280808,California,2020,8
2020-08-14,77.97,246954,RGGI,2020,8
2020-08-15,77.54,477063,Voluntary,2020,8
2020-08-16,78.41,254988,Voluntary,2020,8
2020-08-17,78.77,149711,RGGI,2020,8
2020-08-18,79.53,400891,EU ETS,2020,8
2020-08-19,79.17,456045,California,2020,8
2020-08-20,80.0,113057,RGGI,2020,8
2020-08-21,79.68,185990,California,2020,8
2020-08-22,80.0,381569,Voluntary,2020,8
2020-08-23,80.0,46603,EU ETS,2020,8
2020-08-24,80.0,21087,California,2020,8
2020-08-25,80.0,238700,EU ETS,2020,8
2020-08-26,80.0,289613,EU ETS,2020,8
2020-08-27,80.0,322645,Voluntary,2020,8
2020-08-28,79.41,166777,Voluntary,2020,8
2020-08-29,79.67,251950,RGGI,2020,8
2020-08-30,79.89,256065,California,2020,8
2020-08-31,80.0,133762,EU ETS,2020,8
2020-09-01,79.97,148194,Voluntary,2020,9
2020-09-02,79.56,178522,RGGI,2020,9
2020-09-03,80.0,204618,Voluntary,2020,9
2020-09-04,80.0,258018,California,2020,9
2020-09-05,80.0,22020,Voluntary,2020,9
2020-09-06,80.0,412933,California,2020,9
2020-09-07,79.94,107375,RGGI,2020,9
2020-09-08,79.19,221543,RGGI,2020,9
2020-09-09,78.99,406475,RGGI,2020,9
2020-09-10,78.3,54667,EU ETS,2020,9
2020-09-11,79.19,324422,California,2020,9
2020-09-12,78.83,386847,RGGI,2020,9
2020-09-13,79.69,462300,California,2020,9
2020-09-14,79.91,76781,California,2020,9
2020-09-15,80.0,142935,Voluntary,2020,9
2020-09-16,80.0,318412,Voluntary,2020,9
2020-09-17,80.0,63715,California,2020,9
2020-09-18,80.0,140264,RGGI,2020,9
2020-09-19,79.94,272431,RGGI,2020,9
2020-09-20,79.16,490597,EU ETS,2020,9
2020-09-21,79.24,44675,EU ETS,2020,9
2020-09-22,79.57,405226,RGGI,2020,9
2020-09-23,80.0,200508,EU ETS,2020,9
2020-09-24,80.0,439218,RGGI,2020,9
2020-09-25,79.68,270024,EU ETS,2020,9
2020-09-26,80.0,286672,California,2020,9
2020-09-27,80.0,366898,Voluntary,2020,9
2020-09-28,79.99,393124,Voluntary,2020,9
2020-09-29,80.0,112906,EU ETS,2020,9
2020-09-30,79.61,281342,Voluntary,2020,9
2020-10-01,79.64,236943,Voluntary,2020,10
2020-10-02,80.0,371811,EU ETS,2020,10
2020-10-03,80.0,470136,Voluntary,2020,10
2020-10-04,80.0,261243,California,2020,10
2020-10-05,80.0,332090,EU ETS,2020,10
2020-10-06,79.54,464490,RGGI,2020,10
2020-10-07,79.74,439479,California,2020,10
2020-10-08,80.0,422024,RGGI,2020,10
2020-10-09,80.0,144390,California,2020,10
2020-10-10,80.0,53362,RGGI,2020,10
2020-10-11,80.0,282240,Voluntary,2020,10
2020-10-12,80.0,273494,Voluntary,2020,10
2020-10-13,80.0,150064,EU ETS,2020,10
2020-10-14,80.0,355500,Voluntary,2020,10
2020-10-15,80.0,318084,California,2020,10
2020-10-16,79.24,107617,EU ETS,2020,10
2020-10-17,79.27,475287,Voluntary,2020,10
2020-10-18,79.26,452887,Voluntary,2020,10
2020-10-19,78.74,334698,EU ETS,2020,10
2020-10-20,78.16,199584,California,2020,10
2020-10-21,77.73,488193,EU ETS,2020,10
2020-10-22,78.55,328269,RGGI,2020,10
2020-10-23,78.44,124790,EU ETS,2020,10
2020-10-24,79.36,441237,California,2020,10
2020-10-25,80.0,197808,RGGI,2020,10
2020-10-26,79.83,11686,California,2020,10
2020-10-27,79.09,323126,EU ETS,2020,10
2020-10-28,79.73,154272,EU ETS,2020,10
2020-10-29,80.0,367888,RGGI,2020,10
2020-10-30,79.58,95643,EU ETS,2020,10
2020-10-31,78.99,464233,Voluntary,2020,10
2020-11-01,78.57,302776,Voluntary,2020,11
2020-11-02,77.78,163200,California,2020,11
2020-11-03,77.34,358285,California,2020,11
2020-11-04,77.8,407443,RGGI,2020,11
2020-11-05,78.68,76225,EU ETS,2020,11
2020-11-06,78.42,468482,EU ETS,2020,11
2020-11-07,79.03,27056,California,2020,11
2020-11-08,79.87,39315,Voluntary,2020,11
2020-11-09,79.6,160934,RGGI,2020,11
2020-11-10,79.2,280640,Voluntary,2020,11
2020-11-11,79.19,442304,RGGI,2020,11
2020-11-12,79.47,473982,California,2020,11
2020-11-13,79.73,285479,California,2020,11
2020-11-14,79.42,385752,Voluntary,2020,11
2020-11-15,79.77,181660,California,2020,11
2020-11-16,79.91,65038,Voluntary,2020,11
2020-11-17,80.0,290905,California,2020,11
2020-11-18,80.0,460658,California,2020,11
2020-11-19,80.0,466308,California,2020,11
2020-11-20,79.99,153910,California,2020,11
2020-11-21,80.0,465120,EU ETS,2020,11
2020-11-22,80.0,106818,Voluntary,2020,11
2020-11-23,79.86,254862,RGGI,2020,11
2020-11-24,80.0,420749,EU ETS,2020,11
2020-11-25,79.81,187444,EU ETS,2020,11
2020-11-26,79.44,279118,EU ETS,2020,11
2020-11-27,79.68,391645,Voluntary,2020,11
2020-11-28,80.0,147259,RGGI,2020,11
2020-11-29,79.9,364002,Voluntary,2020,11
2020-11-30,79.12,381514,Voluntary,2020,11
2020-12-01,79.25,157704,EU ETS,2020,12
2020-12-02,80.0,453184,Voluntary,2020,12
2020-12-03,80.0,277607,California,2020,12
2020-12-04,80.0,161050,RGGI,2020,12
2020-12-05,80.0,31533,California,2020,12
2020-12-06,80.0,24031,RGGI,2020,12
2020-12-07,80.0,226516,Voluntary,2020,12
2020-12-08,79.82,194704,California,2020,12
2020-12-09,79.69,184399,EU ETS,2020,12
2020-12-10,80.0,276227,California,2020,12
2020-12-11,80.0,244166,RGGI,2020,12
2020-12-12,80.0,167299,RGGI,2020,12
2020-12-13,80.0,246991,RGGI,2020,12
2020-12-14,80.0,152349,Voluntary,2020,12
2020-12-15,80.0,104329,Voluntary,2020,12
2020-12-16,79.71,381216,EU ETS,2020,12
2020-12-17,79.14,279648,RGGI,2020,12
2020-12-18,78.61,161235,California,2020,12
2020-12-19,78.67,256382,EU ETS,2020,12
2020-12-20,77.9,42570,Voluntary,2020,12
2020-12-21,78.68,478035,Voluntary,2020,12
2020-12-22,78.96,159007,Voluntary,2020,12
2020-12-23,79.18,396511,RGGI,2020,12
2020-12-24,79.21,149015,EU ETS,2020,12
2020-12-25,79.2,79505,California,2020,12
2020-12-26,79.62,188739,RGGI,2020,12
2020-12-27,80.0,266156,EU ETS,2020,12
2020-12-28,79.48,200848,California,2020,12
2020-12-29,79.3,25661,California,2020,12
2020-12-30,79.89,235929,RGGI,2020,12
2020-12-31,79.57,394951,EU ETS,2020,12
2021-01-01,79.44,74972,California,2021,1
2021-01-02,80.0,90238,RGGI,2021,1
2021-01-03,79.47,263060,RGGI,2021,1
2021-01-04,79.31,432193,EU ETS,2021,1
2021-01-05,80.0,438362,Voluntary,2021,1
2021-01-06,80.0,373557,California,2021,1
2021-01-07,79.7,270275,EU ETS,2021,1
2021-01-08,79.0,158330,Voluntary,2021,1
2021-01-09,78.8,136174,Voluntary,2021,1
2021-01-10,78.64,336362,Voluntary,2021,1
2021-01-11,79.44,200594,RGGI,2021,1
2021-01-12,80.0,74501,RGGI,2021,1
2021-01-13,80.0,357897,California,2021,1
2021-01-14,79.57,426458,RGGI,2021,1
2021-01-15,80.0,461224,RGGI,2021,1
2021-01-16,79.95,38295,Voluntary,2021,1
2021-01-17,80.0,168084,EU ETS,2021,1
2021-01-18,79.25,228824,EU ETS,2021,1
2021-01-19,78.98,51658,RGGI,2021,1
2021-01-20,78.34,487478,Voluntary,2021,1
2021-01-21,78.77,303158,Voluntary,2021,1
2021-01-22,79.35,59015,RGGI,2021,1
2021-01-23,79.6,126951,RGGI,2021,1
2021-01-24,79.8,475130,EU ETS,2021,1
2021-01-25,80.0,332994,California,2021,1
2021-01-26,80.0,360344,RGGI,2021,1
2021-01-27,79.26,311860,Voluntary,2021,1
2021-01-28,79.63,22815,EU ETS,2021,1
2021-01-29,78.89,204933,California,2021,1
2021-01-30,79.16,58672,EU ETS,2021,1
2021-01-31,79.03,117274,California,2021,1
2021-02-01,78.31,222807,Voluntary,2021,2
2021-02-02,77.59,330386,California,2021,2
2021-02-03,78.03,394600,California,2021,2
2021-02-04,78.5,309192,RGGI,2021,2
2021-02-05,78.14,317985,EU ETS,2021,2
2021-02-06,77.67,11278,California,2021,2
2021-02-07,77.85,343594,RGGI,2021,2
2021-02-08,77.98,353347,EU ETS,2021,2
2021-02-09,78.19,332404,California,2021,2
2021-02-10,78.34,158544,RGGI,2021,2
2021-02-11,78.48,404626,RGGI,2021,2
2021-02-12,79.07,236637,RGGI,2021,2
2021-02-13,78.72,472406,Voluntary,2021,2
2021-02-14,79.5,431729,California,2021,2
2021-02-15,80.0,295043,California,2021,2
2021-02-16,79.74,376665,EU ETS,2021,2
2021-02-17,79.27,107699,RGGI,2021,2
2021-02-18,79.26,262043,Voluntary,2021,2
2021-02-19,78.72,437909,RGGI,2021,2
2021-02-20,78.48,454715,EU ETS,2021,2
2021-02-21,78.14,349866,California,2021,2
2021-02-22,78.72,411071,California,2021,2
2021-02-23,79.29,324190,RGGI,2021,2
2021-02-24,79.22,241915,Voluntary,2021,2
2021-02-25,79.35,368140,RGGI,2021,2
2021-02-26,79.35,458128,Voluntary,2021,2
2021-02-27,79.04,306997,California,2021,2
2021-02-28,78.8,286024,RGGI,2021,2
2021-03-01,79.2,170408,Voluntary,2021,3
2021-03-02,79.09,329742,California,2021,3
2021-03-03,80.0,308339,Voluntary,2021,3
2021-03-04,79.65,434869,Voluntary,2021,3
2021-03-05,79.44,239198,RGGI,2021,3
2021-03-06,79.2,85588,California,2021,3
2021-03-07,79.51,15367,California,2021,3
2021-03-08,79.84,425361,EU ETS,2021,3
2021-03-09,80.0,306404,RGGI,2021,3
2021-03-10,79.68,318884,RGGI,2021,3
2021-03-11,79.59,360052,EU ETS,2021,3
2021-03-12,80.0,73824,California,2021,3
2021-03-13,80.0,312272,California,2021,3
2021-03-14,79.64,414808,California,2021,3
2021-03-15,79.32,303698,RGGI,2021,3
2021-03-16,78.76,483597,EU ETS,2021,3
2021-03-17,78.37,118941,California,2021,3
2021-03-18,78.45,302551,Voluntary,2021,3
2021-03-19,77.74,212797,EU ETS,2021,3
2021-03-20,77.31,226884,RGGI,2021,3
2021-03-21,78.16,380589,Voluntary,2021,3
2021-03-22,78.26,138244,EU ETS,2021,3
2021-03-23,79.13,422731,Voluntary,2021,3
2021-03-24,78.92,211872,Voluntary,2021,3
2021-03-25,79.33,245591,RGGI,2021,3
2021-03-26,79.71,359220,Voluntary,2021,3
2021-03-27,80.0,251368,RGGI,2021,3
2021-03-28,80.0,11116,EU ETS,2021,3
2021-03-29,80.0,186855,EU ETS,2021,3
2021-03-30,80.0,79082,RGGI,2021,3
2021-03-31,80.0,261122,RGGI,2021,3
2021-04-01,79.67,143928,Voluntary,2021,4
2021-04-02,79.26,227176,California,2021,4
2021-04-03,78.75,29095,Voluntary,2021,4
2021-04-04,78.69,143882,RGGI,2021,4
2021-04-05,78.53,472846,Voluntary,2021,4
2021-04-06,79.17,103098,EU ETS,2021,4
2021-04-07,78.48,89128,EU ETS,2021,4
2021-04-08,79.45,277440,RGGI,2021,4
2021-04-09,79.45,249029,EU ETS,2021,4
2021-04-10,80.0,81978,EU ETS,2021,4
2021-04-11,79.65,53422,EU ETS,2021,4
2021-04-12,79.88,286656,Voluntary,2021,4
2021-04-13,80.0,354665,EU ETS,2021,4
2021-04-14,80.0,224354,Voluntary,2021,4
2021-04-15,80.0,133434,California,2021,4
2021-04-16,79.77,456807,Voluntary,2021,4
2021-04-17,79.06,55922,Voluntary,2021,4
2021-04-18,80.0,488381,California,2021,4
2021-04-19,80.0,382020,RGGI,2021,4
2021-04-20,80.0,225354,California,2021,4
2021-04-21,79.54,266884,EU ETS,2021,4
2021-04-22,80.0,77558,California,2021,4
2021-04-23,79.57,60220,EU ETS,2021,4
2021-04-24,79.49,492393,EU ETS,2021,4
2021-04-25,80.0,267459,EU ETS,2021,4
2021-04-26,79.27,89220,California,2021,4
2021-04-27,79.55,287214,Voluntary,2021,4
2021-04-28,79.38,481953,Voluntary,2021,4
2021-04-29,79.63,411930,RGGI,2021,4
2021-04-30,79.48,323837,EU ETS,2021,4
2021-05-01,79.28,79575,RGGI,2021,5
2021-05-02,78.51,104471,Voluntary,2021,5
2021-05-03,78.82,235032,EU ETS,2021,5
2021-05-04,79.75,430360,Voluntary,2021,5
2021-05-05,79.34,483728,California,2021,5
2021-05-06,78.62,464739,EU ETS,2021,5
2021-05-07,78.95,261204,Voluntary,2021,5
2021-05-08,78.37,31049,RGGI,2021,5
2021-05-09,77.71,322128,California,2021,5
2021-05-10,78.52,83365,EU ETS,2021,5
2021-05-11,78.44,318110,RGGI,2021,5
2021-05-12,78.16,431305,California,2021,5
2021-05-13,78.84,67792,Voluntary,2021,5
2021-05-14,79.84,135413,California,2021,5
2021-05-15,79.12,138885,EU ETS,2021,5
2021-05-16,79.42,242505,Voluntary,2021,5
2021-05-17,79.06,55607,California,2021,5
2021-05-18,79.01,225604,Voluntary,2021,5
2021-05-19,78.93,32667,California,2021,5
2021-05-20,78.52,220609,EU ETS,2021,5
2021-05-21,79.35,196543,Voluntary,2021,5
2021-05-22,79.47,229424,California,2021,5
2021-05-23,79.12,180846,Voluntary,2021,5
2021-05-24,78.93,230718,RGGI,2021,5
2021-05-25,79.82,478843,EU ETS,2021,5
2021-05-26,80.0,222432,RGGI,2021,5
2021-05-27,80.0,85483,RGGI,2021,5
2021-05-28,80.0,69105,EU ETS,2021,5
2021-05-29,79.21,196775,RGGI,2021,5
2021-05-30,79.4,31846,RGGI,2021,5
2021-05-31,79.65,177356,RGGI,2021,5
2021-06-01,80.0,415065,EU ETS,2021,6
2021-06-02,80.0,53636,EU ETS,2021,6
2021-06-03,80.0,247838,California,2021,6
2021-06-04,80.0,136315,Voluntary,2021,6
2021-06-05,80.0,108368,California,2021,6
2021-06-06,80.0,491843,California,2021,6
2021-06-07,79.23,463529,Voluntary,2021,6
2021-06-08,78.92,157784,Voluntary,2021,6
2021-06-09,79.86,466588,RGGI,2021,6
2021-06-10,79.66,438710,EU ETS,2021,6
2021-06-11,80.0,314968,Voluntary,2021,6
2021-06-12,79.54,461247,EU ETS,2021,6
2021-06-13,80.0,129119,EU ETS,2021,6
2021-06-14,79.47,102608,RGGI,2021,6
2021-06-15,79.9,226145,Voluntary,2021,6
2021-06-16,80.0,368670,Voluntary,2021,6
2021-06-17,80.0,310698,EU ETS,2021,6
2021-06-18,79.46,28099,Voluntary,2021,6
2021-06-19,78.78,416226,EU ETS,2021,6
2021-06-20,78.56,169793,EU ETS,2021,6
2021-06-21,79.16,61656,EU ETS,2021,6
2021-06-22,79.46,109804,Voluntary,2021,6
2021-06-23,79.36,201378,California,2021,6
2021-06-24,78.96,228443,California,2021,6
2021-06-25,79.54,13414,Voluntary,2021,6
2021-06-26,79.61,414879,Voluntary,2021,6
2021-06-27,80.0,111453,RGGI,2021,6
2021-06-28,80.0,37753,EU ETS,2021,6
2021-06-29,80.0,293251,Voluntary,2021,6
2021-06-30,79.42,414262,Voluntary,2021,6
2021-07-01,79.04,497103,RGGI,2021,7
2021-07-02,78.29,349088,California,2021,7
2021-07-03,77.67,252442,EU ETS,2021,7
2021-07-04,78.36,401481,Voluntary,2021,7
2021-07-05,78.35,68363,California,2021,7
2021-07-06,78.17,377038,California,2021,7
2021-07-07,78.36,366495,California,2021,7
2021-07-08,79.11,492568,RGGI,2021,7
2021-07-09,78.48,346563,Voluntary,2021,7
2021-07-10,78.36,66854,RGGI,2021,7
2021-07-11,78.24,243019,Voluntary,2021,7
2021-07-12,77.51,326830,EU ETS,2021,7
2021-07-13,77.6,397709,California,2021,7
2021-07-14,78.54,415919,California,2021,7
2021-07-15,77.8,377759,EU ETS,2021,7
2021-07-16,78.76,369468,Voluntary,2021,7
2021-07-17,79.26,477916,EU ETS,2021,7
2021-07-18,79.85,328020,California,2021,7
2021-07-19,79.5,351028,EU ETS,2021,7
2021-07-20,79.58,121087,RGGI,2021,7
2021-07-21,79.3,271917,EU ETS,2021,7
2021-07-22,79.43,384020,Voluntary,2021,7
2021-07-23,79.93,32628,RGGI,2021,7
2021-07-24,79.76,386111,Voluntary,2021,7
2021-07-25,80.0,466190,Voluntary,2021,7
2021-07-26,80.0,397999,Voluntary,2021,7
2021-07-27,80.0,498319,Voluntary,2021,7
2021-07-28,80.0,358099,RGGI,2021,7
2021-07-29,80.0,210381,Voluntary,2021,7
2021-07-30,79.21,146818,RGGI,2021,7
2021-07-31,78.74,16474,RGGI,2021,7
2021-08-01,78.9,349755,Voluntary,2021,8
2021-08-02,78.87,352125,California,2021,8
2021-08-03,78.88,314593,California,2021,8
2021-08-04,78.82,408504,California,2021,8
2021-08-05,79.78,445261,RGGI,2021,8
2021-08-06,80.0,439435,EU ETS,2021,8
2021-08-07,79.42,238647,EU ETS,2021,8
2021-08-08,79.95,23835,California,2021,8
2021-08-09,79.93,11692,EU ETS,2021,8
2021-08-10,80.0,452665,EU ETS,2021,8
2021-08-11,80.0,45254,RGGI,2021,8
2021-08-12,79.29,467366,California,2021,8
2021-08-13,80.0,271931,RGGI,2021,8
2021-08-14,80.0,286499,EU ETS,2021,8
2021-08-15,79.82,452503,RGGI,2021,8
2021-08-16,79.86,267397,RGGI,2021,8
2021-08-17,80.0,54368,Voluntary,2021,8
2021-08-18,80.0,253346,California,2021,8
2021-08-19,80.0,275562,California,2021,8
2021-08-20,80.0,62720,EU ETS,2021,8
2021-08-21,80.0,233767,RGGI,2021,8
2021-08-22,79.75,24769,RGGI,2021,8
2021-08-23,79.76,343310,Voluntary,2021,8
2021-08-24,80.0,199801,RGGI,2021,8
2021-08-25,80.0,305137,EU ETS,2021,8
2021-08-26,80.0,438571,California,2021,8
2021-08-27,79.47,195650,EU ETS,2021,8
2021-08-28,80.0,203145,RGGI,2021,8
2021-08-29,79.63,496254,RGGI,2021,8
2021-08-30,80.0,393048,California,2021,8
2021-08-31,79.83,35536,RGGI,2021,8
2021-09-01,79.68,232516,RGGI,2021,9
2021-09-02,80.0,470996,RGGI,2021,9
2021-09-03,80.0,109162,Voluntary,2021,9
2021-09-04,80.0,298880,California,2021,9
2021-09-05,80.0,266934,RGGI,2021,9
2021-09-06,79.67,245549,Voluntary,2021,9
2021-09-07,79.77,328354,California,2021,9
2021-09-08,79.64,332027,Voluntary,2021,9
2021-09-09,80.0,170901,California,2021,9
2021-09-10,80.0,205477,RGGI,2021,9
2021-09-11,80.0,319463,RGGI,2021,9
2021-09-12,80.0,103031,Voluntary,2021,9
2021-09-13,79.46,28924,EU ETS,2021,9
2021-09-14,79.76,42286,RGGI,2021,9
2021-09-15,80.0,233234,EU ETS,2021,9
2021-09-16,79.47,434597,RGGI,2021,9
2021-09-17,78.87,56686,RGGI,2021,9
2021-09-18,79.8,311568,California,2021,9
2021-09-19,79.38,135291,EU ETS,2021,9
2021-09-20,78.96,50004,California,2021,9
2021-09-21,79.54,260814,California,2021,9
2021-09-22,78.81,346275,RGGI,2021,9
2021-09-23,78.97,280322,RGGI,2021,9
2021-09-24,78.84,133428,Voluntary,2021,9
2021-09-25,79.56,103289,RGGI,2021,9
2021-09-26,80.0,37925,California,2021,9
2021-09-27,80.0,155104,RGGI,2021,9
2021-09-28,79.66,274335,EU ETS,2021,9
2021-09-29,79.06,302830,California,2021,9
2021-09-30,78.99,458000,California,2021,9
2021-10-01,78.71,203142,EU ETS,2021,10
2021-10-02,78.72,309151,California,2021,10
2021-10-03,79.36,82060,California,2021,10
2021-10-04,78.71,348055,RGGI,2021,10
2021-10-05,78.83,185975,EU ETS,2021,10
2021-10-06,79.46,307616,Voluntary,2021,10
2021-10-07,79.89,435258,RGGI,2021,10
2021-10-08,79.77,407428,EU ETS,2021,10
2021-10-09,79.54,262893,RGGI,2021,10
2021-10-10,80.0,419455,EU ETS,2021,10
2021-10-11,80.0,116870,EU ETS,2021,10
2021-10-12,80.0,360915,Voluntary,2021,10
2021-10-13,79.58,345931,Voluntary,2021,10
2021-10-14,79.15,139832,EU ETS,2021,10
2021-10-15,78.48,183238,RGGI,2021,10
2021-10-16,78.31,459340,California,2021,10
2021-10-17,79.13,250872,California,2021,10
2021-10-18,78.42,152435,EU ETS,2021,10
2021-10-19,78.94,108616,RGGI,2021,10
2021-10-20,79.2,458079,Voluntary,2021,10
2021-10-21,79.22,194726,RGGI,2021,10
2021-10-22,78.75,330765,Voluntary,2021,10
2021-10-23,78.31,312313,EU ETS,2021,10
2021-10-24,78.24,207954,RGGI,2021,10
2021-10-25,79.2,432883,Voluntary,2021,10
2021-10-26,78.98,219576,Voluntary,2021,10
2021-10-27,78.59,493780,Voluntary,2021,10
2021-10-28,78.27,65655,EU ETS,2021,10
2021-10-29,78.88,45367,EU ETS,2021,10
2021-10-30,78.62,459895,RGGI,2021,10
2021-10-31,79.23,320905,RGGI,2021,10
2021-11-01,78.89,111162,Voluntary,2021,11
2021-11-02,78.6,316465,California,2021,11
2021-11-03,78.0,10732,EU ETS,2021,11
2021-11-04,78.73,429271,EU ETS,2021,11
2021-11-05,78.84,469953,RGGI,2021,11
2021-11-06,79.14,336343,EU ETS,2021,11
2021-11-07,78.73,91591,California,2021,11
2021-11-08,78.59,178275,California,2021,11
2021-11-09,78.75,427634,EU ETS,2021,11
2021-11-10,78.13,180367,RGGI,2021,11
2021-11-11,77.39,108908,Voluntary,2021,11
2021-11-12,77.42,217419,EU ETS,2021,11
2021-11-13,77.78,466471,RGGI,2021,11
2021-11-14,77.49,499171,California,2021,11
2021-11-15,77.38,168276,Voluntary,2021,11
2021-11-16,78.22,158809,RGGI,2021,11
2021-11-17,79.2,11702,California,2021,11
2021-11-18,80.0,445436,California,2021,11
2021-11-19,79.82,141418,RGGI,2021,11
2021-11-20,80.0,374782,California,2021,11
2021-11-21,79.46,141050,Voluntary,2021,11
2021-11-22,78.67,448584,EU ETS,2021,11
2021-11-23,79.22,139037,Voluntary,2021,11
2021-11-24,78.83,211809,RGGI,2021,11
2021-11-25,79.67,491467,Voluntary,2021,11
2021-11-26,80.0,145889,RGGI,2021,11
2021-11-27,80.0,387876,EU ETS,2021,11
2021-11-28,79.95,427388,California,2021,11
2021-11-29,80.0,285507,EU ETS,2021,11
2021-11-30,79.29,313085,Voluntary,2021,11
2021-12-01,78.69,109554,Voluntary,2021,12
2021-12-02,78.13,146188,EU ETS,2021,12
2021-12-03,78.66,10238,California,2021,12
2021-12-04,78.16,341930,EU ETS,2021,12
2021-12-05,78.24,219379,EU ETS,2021,12
2021-12-06,78.13,31813,Voluntary,2021,12
2021-12-07,78.11,358367,EU ETS,2021,12
2021-12-08,78.26,485711,Voluntary,2021,12
2021-12-09,77.95,110529,California,2021,12
2021-12-10,78.36,237934,RGGI,2021,12
2021-12-11,78.21,431327,EU ETS,2021,12
2021-12-12,77.66,188543,EU ETS,2021,12
2021-12-13,77.45,236017,Voluntary,2021,12
2021-12-14,77.65,240290,EU ETS,2021,12
2021-12-15,78.05,391171,RGGI,2021,12
2021-12-16,78.23,306652,EU ETS,2021,12
2021-12-17,78.7,103155,Voluntary,2021,12
2021-12-18,78.97,99225,EU ETS,2021,12
2021-12-19,79.63,462348,EU ETS,2021,12
2021-12-20,79.99,63815,Voluntary,2021,12
2021-12-21,79.48,315605,Voluntary,2021,12
2021-12-22,79.59,162144,EU ETS,2021,12
2021-12-23,79.3,403782,EU ETS,2021,12
2021-12-24,78.89,279080,Voluntary,2021,12
2021-12-25,79.34,218022,California,2021,12
2021-12-26,79.58,159165,California,2021,12
2021-12-27,79.52,90654,EU ETS,2021,12
2021-12-28,80.0,444555,California,2021,12
2021-12-29,80.0,26005,EU ETS,2021,12
2021-12-30,80.0,476631,EU ETS,2021,12
2021-12-31,79.47,334680,Voluntary,2021,12
2022-01-01,79.94,238505,RGGI,2022,1
2022-01-02,79.86,337282,Voluntary,2022,1
2022-01-03,80.0,372299,California,2022,1
2022-01-04,80.0,429058,EU ETS,2022,1
2022-01-05,79.65,212157,RGGI,2022,1
2022-01-06,80.0,181415,EU ETS,2022,1
2022-01-07,80.0,173667,Voluntary,2022,1
2022-01-08,80.0,312364,EU ETS,2022,1
2022-01-09,80.0,174288,California,2022,1
2022-01-10,80.0,387132,EU ETS,2022,1
2022-01-11,80.0,23336,EU ETS,2022,1
2022-01-12,79.38,42315,Voluntary,2022,1
2022-01-13,80.0,124152,EU ETS,2022,1
2022-01-14,79.85,444541,California,2022,1
2022-01-15,80.0,133638,Voluntary,2022,1
2022-01-16,79.53,141441,EU ETS,2022,1
2022-01-17,80.0,87359,Voluntary,2022,1
2022-01-18,79.91,216079,RGGI,2022,1
2022-01-19,80.0,340160,California,2022,1
2022-01-20,80.0,92889,EU ETS,2022,1
2022-01-21,80.0,174172,California,2022,1
2022-01-22,80.0,407186,Voluntary,2022,1
2022-01-23,79.49,291488,RGGI,2022,1
2022-01-24,79.48,30633,RGGI,2022,1
2022-01-25,79.53,25538,Voluntary,2022,1
2022-01-26,80.0,334575,California,2022,1
2022-01-27,80.0,342650,RGGI,2022,1
2022-01-28,80.0,487064,RGGI,2022,1
2022-01-29,80.0,487078,RGGI,2022,1
2022-01-30,79.74,292633,RGGI,2022,1
2022-01-31,79.82,80303,EU ETS,2022,1
2022-02-01,79.09,350938,Voluntary,2022,2
2022-02-02,78.61,163151,EU ETS,2022,2
2022-02-03,77.85,446501,California,2022,2
2022-02-04,78.31,472668,Voluntary,2022,2
2022-02-05,79.05,19788,RGGI,2022,2
2022-02-06,79.99,85833,Voluntary,2022,2
2022-02-07,80.0,431698,California,2022,2
2022-02-08,79.82,105864,RGGI,2022,2
2022-02-09,79.64,474185,EU ETS,2022,2
2022-02-10,79.63,435104,California,2022,2
2022-02-11,79.9,264487,RGGI,2022,2
2022-02-12,80.0,405019,California,2022,2
2022-02-13,80.0,177280,California,2022,2
2022-02-14,79.6,354753,EU ETS,2022,2
2022-02-15,80.0,98740,California,2022,2
2022-02-16,80.0,349793,California,2022,2
2022-02-17,80.0,338497,California,2022,2
2022-02-18,80.0,250868,RGGI,2022,2
2022-02-19,80.0,260664,EU ETS,2022,2
2022-02-20,79.69,351161,California,2022,2
2022-02-21,79.53,489244,RGGI,2022,2
2022-02-22,80.0,131102,EU ETS,2022,2
2022-02-23,80.0,325665,Voluntary,2022,2
2022-02-24,80.0,47107,EU ETS,2022,2
2022-02-25,80.0,367403,California,2022,2
2022-02-26,80.0,351206,California,2022,2
2022-02-27,79.77,173819,RGGI,2022,2
2022-02-28,80.0,191498,EU ETS,2022,2
2022-03-01,80.0,458095,EU ETS,2022,3
2022-03-02,80.0,206585,EU ETS,2022,3
2022-03-03,80.0,299186,Voluntary,2022,3
2022-03-04,80.0,355307,RGGI,2022,3
2022-03-05,79.56,191667,RGGI,2022,3
2022-03-06,79.44,228181,RGGI,2022,3
2022-03-07,78.86,47063,California,2022,3
2022-03-08,79.05,16021,Voluntary,2022,3
2022-03-09,79.89,197906,EU ETS,2022,3
2022-03-10,80.0,441597,Voluntary,2022,3
2022-03-11,80.0,397893,Voluntary,2022,3
2022-03-12,79.7,99818,California,2022,3
2022-03-13,80.0,315502,Voluntary,2022,3
2022-03-14,79.81,112836,California,2022,3
2022-03-15,80.0,399281,Voluntary,2022,3
2022-03-16,80.0,194034,Voluntary,2022,3
2022-03-17,79.37,226777,California,2022,3
2022-03-18,79.76,195800,EU ETS,2022,3
2022-03-19,80.0,379098,EU ETS,2022,3
2022-03-20,79.25,225336,RGGI,2022,3
2022-03-21,79.0,66232,California,2022,3
2022-03-22,79.96,432936,RGGI,2022,3
2022-03-23,79.57,406524,Voluntary,2022,3
2022-03-24,80.0,15146,Voluntary,2022,3
2022-03-25,80.0,142020,EU ETS,2022,3
2022-03-26,80.0,270375,California,2022,3
2022-03-27,79.45,146742,California,2022,3
2022-03-28,79.41,378082,RGGI,2022,3
2022-03-29,80.0,422533,RGGI,2022,3
2022-03-30,80.0,30729,California,2022,3
2022-03-31,80.0,443092,California,2022,3
2022-04-01,79.59,442818,EU ETS,2022,4
2022-04-02,79.04,52036,RGGI,2022,4
2022-04-03,78.36,425473,California,2022,4
2022-04-04,78.19,461264,Voluntary,2022,4
2022-04-05,78.61,398876,Voluntary,2022,4
2022-04-06,79.38,440494,EU ETS,2022,4
2022-04-07,78.71,94531,RGGI,2022,4
2022-04-08,79.26,314791,RGGI,2022,4
2022-04-09,78.9,459120,RGGI,2022,4
2022-04-10,79.7,124010,EU ETS,2022,4
2022-04-11,79.06,327889,California,2022,4
2022-04-12,78.69,65131,EU ETS,2022,4
2022-04-13,79.68,274172,RGGI,2022,4
2022-04-14,79.18,136215,EU ETS,2022,4
2022-04-15,79.85,393780,Voluntary,2022,4
2022-04-16,80.0,314855,Voluntary,2022,4
2022-04-17,80.0,23813,EU ETS,2022,4
2022-04-18,79.62,496423,EU ETS,2022,4
2022-04-19,79.74,19810,California,2022,4
2022-04-20,80.0,166154,Voluntary,2022,4
2022-04-21,80.0,365210,EU ETS,2022,4
2022-04-22,80.0,77627,EU ETS,2022,4
2022-04-23,80.0,169672,EU ETS,2022,4
2022-04-24,80.0,22444,EU ETS,2022,4
2022-04-25,80.0,80629,Voluntary,2022,4
2022-04-26,80.0,42862,RGGI,2022,4
2022-04-27,80.0,256720,RGGI,2022,4
2022-04-28,80.0,341526,California,2022,4
2022-04-29,79.53,43675,Voluntary,2022,4
2022-04-30,79.75,310911,RGGI,2022,4
2022-05-01,80.0,457760,EU ETS,2022,5
2022-05-02,79.58,77297,EU ETS,2022,5
2022-05-03,79.28,347760,Voluntary,2022,5
2022-05-04,79.68,144119,California,2022,5
2022-05-05,80.0,170844,Voluntary,2022,5
2022-05-06,79.43,32747,RGGI,2022,5
2022-05-07,79.28,466544,EU ETS,2022,5
2022-05-08,79.93,164260,RGGI,2022,5
2022-05-09,79.14,16284,Voluntary,2022,5
2022-05-10,78.53,73941,California,2022,5
2022-05-11,78.34,185090,RGGI,2022,5
2022-05-12,78.57,79813,EU ETS,2022,5
2022-05-13,79.07,408374,California,2022,5
2022-05-14,79.5,77058,California,2022,5
2022-05-15,79.77,197349,RGGI,2022,5
2022-05-16,80.0,373042,RGGI,2022,5
2022-05-17,79.43,54609,RGGI,2022,5
2022-05-18,79.31,419523,EU ETS,2022,5
2022-05-19,79.79,429817,RGGI,2022,5
2022-05-20,80.0,485121,RGGI,2022,5
2022-05-21,80.0,259624,RGGI,2022,5
2022-05-22,80.0,463387,EU ETS,2022,5
2022-05-23,79.59,261859,RGGI,2022,5
2022-05-24,79.97,77524,California,2022,5
2022-05-25,80.0,54053,California,2022,5
2022-05-26,80.0,347234,California,2022,5
2022-05-27,79.28,275645,RGGI,2022,5
2022-05-28,78.88,154132,Voluntary,2022,5
2022-05-29,78.29,142599,Voluntary,2022,5
2022-05-30,78.11,272821,RGGI,2022,5
2022-05-31,78.98,433880,EU ETS,2022,5
2022-06-01,79.34,424379,RGGI,2022,6
2022-06-02,80.0,127097,Voluntary,2022,6
2022-06-03,79.4,301252,EU ETS,2022,6
2022-06-04,79.5,313425,RGGI,2022,6
2022-06-05,80.0,391636,EU ETS,2022,6
2022-06-06,79.65,342231,EU ETS,2022,6
2022-06-07,79.47,263996,Voluntary,2022,6
2022-06-08,79.59,334962,California,2022,6
2022-06-09,80.0,65597,Voluntary,2022,6
2022-06-10,79.63,215152,California,2022,6
2022-06-11,78.89,482135,Voluntary,2022,6
2022-06-12,79.58,325071,California,2022,6
2022-06-13,80.0,315937,California,2022,6
2022-06-14,80.0,363512,Voluntary,2022,6
2022-06-15,79.65,225261,California,2022,6
2022-06-16,79.78,454302,RGGI,2022,6
2022-06-17,80.0,14421,California,2022,6
2022-06-18,80.0,397386,RGGI,2022,6
2022-06-19,80.0,49166,Voluntary,2022,6
2022-06-20,79.55,303036,Voluntary,2022,6
2022-06-21,79.09,370072,Voluntary,2022,6
2022-06-22,78.94,350200,Voluntary,2022,6
2022-06-23,79.43,406236,California,2022,6
2022-06-24,79.84,149974,Voluntary,2022,6
2022-06-25,80.0,455340,EU ETS,2022,6
2022-06-26,80.0,491503,RGGI,2022,6
2022-06-27,80.0,376238,California,2022,6
2022-06-28,80.0,480542,California,2022,6
2022-06-29,80.0,428936,EU ETS,2022,6
2022-06-30,80.0,26401,EU ETS,2022,6
2022-07-01,80.0,83315,EU ETS,2022,7
2022-07-02,80.0,21358,Voluntary,2022,7
2022-07-03,80.0,45678,EU ETS,2022,7
2022-07-04,80.0,164688,RGGI,2022,7
2022-07-05,79.39,242570,Voluntary,2022,7
2022-07-06,79.79,291760,EU ETS,2022,7
2022-07-07,80.0,156532,EU ETS,2022,7
2022-07-08,80.0,22051,Voluntary,2022,7
2022-07-09,80.0,224357,RGGI,2022,7
2022-07-10,79.35,229382,Voluntary,2022,7
2022-07-11,80.0,88084,RGGI,2022,7
2022-07-12,79.43,163272,Voluntary,2022,7
2022-07-13,80.0,270867,EU ETS,2022,7
2022-07-14,80.0,305148,RGGI,2022,7
2022-07-15,80.0,70282,EU ETS,2022,7
2022-07-16,80.0,273234,RGGI,2022,7
2022-07-17,80.0,17224,California,2022,7
2022-07-18,79.64,181074,RGGI,2022,7
2022-07-19,80.0,373299,Voluntary,2022,7
2022-07-20,80.0,127508,EU ETS,2022,7
2022-07-21,80.0,80571,Voluntary,2022,7
2022-07-22,80.0,355719,RGGI,2022,7
2022-07-23,80.0,306901,RGGI,2022,7
2022-07-24,80.0,144410,EU ETS,2022,7
2022-07-25,80.0,345065,EU ETS,2022,7
2022-07-26,79.67,129317,EU ETS,2022,7
2022-07-27,80.0,241898,California,2022,7
2022-07-28,79.67,451178,California,2022,7
2022-07-29,79.38,21708,Voluntary,2022,7
2022-07-30,80.0,73549,EU ETS,2022,7
2022-07-31,80.0,366561,California,2022,7
2022-08-01,79.31,278255,RGGI,2022,8
2022-08-02,79.89,161211,California,2022,8
2022-08-03,79.33,53902,Voluntary,2022,8
2022-08-04,80.0,371412,RGGI,2022,8
2022-08-05,80.0,60802,EU ETS,2022,8
2022-08-06,79.5,202520,EU ETS,2022,8
2022-08-07,80.0,258842,EU ETS,2022,8
2022-08-08,79.24,152201,California,2022,8
2022-08-09,80.0,251326,Voluntary,2022,8
2022-08-10,79.56,451909,California,2022,8
2022-08-11,79.39,209928,RGGI,2022,8
2022-08-12,79.13,435993,Voluntary,2022,8
2022-08-13,78.7,82389,Voluntary,2022,8
2022-08-14,78.07,350474,California,2022,8
2022-08-15,77.64,48293,Voluntary,2022,8
2022-08-16,77.3,343964,EU ETS,2022,8
2022-08-17,76.71,448287,EU ETS,2022,8
2022-08-18,77.06,24558,RGGI,2022,8
2022-08-19,76.28,63718,California,2022,8
2022-08-20,76.81,350585,California,2022,8
2022-08-21,76.1,27326,Voluntary,2022,8
2022-08-22,76.87,102555,EU ETS,2022,8
2022-08-23,77.83,172158,Voluntary,2022,8
2022-08-24,77.32,463304,RGGI,2022,8
2022-08-25,77.94,239501,California,2022,8
2022-08-26,78.48,201646,California,2022,8
2022-08-27,78.69,361154,California,2022,8
2022-08-28,78.46,232518,EU ETS,2022,8
2022-08-29,77.88,224621,EU ETS,2022,8
2022-08-30,78.82,173929,Voluntary,2022,8
2022-08-31,78.5,84275,RGGI,2022,8
2022-09-01,79.13,54706,Voluntary,2022,9
2022-09-02,79.86,182726,Voluntary,2022,9
2022-09-03,79.44,410130,Voluntary,2022,9
2022-09-04,79.6,90857,RGGI,2022,9
2022-09-05,79.76,387401,Voluntary,2022,9
2022-09-06,79.06,65819,Voluntary,2022,9
2022-09-07,79.8,314364,Voluntary,2022,9
2022-09-08,80.0,105930,California,2022,9
2022-09-09,79.44,192104,Voluntary,2022,9
2022-09-10,79.71,442787,Voluntary,2022,9
2022-09-11,79.83,373679,California,2022,9
2022-09-12,80.0,396300,Voluntary,2022,9
2022-09-13,80.0,99860,EU ETS,2022,9
2022-09-14,79.8,495520,RGGI,2022,9
2022-09-15,79.57,467629,RGGI,2022,9
2022-09-16,80.0,276590,EU ETS,2022,9
2022-09-17,80.0,472694,RGGI,2022,9
2022-09-18,80.0,199117,Voluntary,2022,9
2022-09-19,80.0,441197,Voluntary,2022,9
2022-09-20,80.0,197762,California,2022,9
2022-09-21,79.7,377647,RGGI,2022,9
2022-09-22,79.79,262928,Voluntary,2022,9
2022-09-23,79.5,486969,Voluntary,2022,9
2022-09-24,79.72,148696,California,2022,9
2022-09-25,78.98,233943,Voluntary,2022,9
2022-09-26,79.64,35589,RGGI,2022,9
2022-09-27,78.85,307952,California,2022,9
2022-09-28,78.75,296437,RGGI,2022,9
2022-09-29,78.18,398872,RGGI,2022,9
2022-09-30,78.04,201368,California,2022,9
2022-10-01,78.13,321265,California,2022,10
2022-10-02,78.74,437596,Voluntary,2022,10
2022-10-03,79.57,463689,Voluntary,2022,10
2022-10-04,79.94,209145,EU ETS,2022,10
2022-10-05,80.0,83250,EU ETS,2022,10
2022-10-06,79.24,453780,Voluntary,2022,10
2022-10-07,78.48,92397,Voluntary,2022,10
2022-10-08,78.14,195717,California,2022,10
2022-10-09,78.43,32818,EU ETS,2022,10
2022-10-10,78.99,41691,California,2022,10
2022-10-11,78.44,341472,Voluntary,2022,10
2022-10-12,78.48,240875,California,2022,10
2022-10-13,78.4,81342,Voluntary,2022,10
2022-10-14,78.8,478061,EU ETS,2022,10
2022-10-15,79.27,165529,California,2022,10
2022-10-16,78.7,216696,EU ETS,2022,10
2022-10-17,78.29,204895,EU ETS,2022,10
2022-10-18,78.66,131183,Voluntary,2022,10
2022-10-19,78.3,342724,Voluntary,2022,10
2022-10-20,79.21,91031,RGGI,2022,10
2022-10-21,79.41,197426,California,2022,10
2022-10-22,79.84,137295,RGGI,2022,10
2022-10-23,79.21,456254,RGGI,2022,10
2022-10-24,79.47,148724,RGGI,2022,10
2022-10-25,79.98,186225,Voluntary,2022,10
2022-10-26,80.0,402406,Voluntary,2022,10
2022-10-27,80.0,195618,RGGI,2022,10
2022-10-28,80.0,469195,EU ETS,2022,10
2022-10-29,79.51,390180,California,2022,10
2022-10-30,80.0,268480,Voluntary,2022,10
2022-10-31,80.0,462548,California,2022,10
2022-11-01,79.99,65821,California,2022,11
2022-11-02,79.43,86056,Voluntary,2022,11
2022-11-03,80.0,94620,California,2022,11
2022-11-04,80.0,119402,RGGI,2022,11
2022-11-05,80.0,489317,California,2022,11
2022-11-06,80.0,63667,RGGI,2022,11
2022-11-07,79.94,437662,Voluntary,2022,11
2022-11-08,80.0,411838,Voluntary,2022,11
2022-11-09,80.0,155838,RGGI,2022,11
2022-11-10,79.81,202195,EU ETS,2022,11
2022-11-11,79.15,299633,RGGI,2022,11
2022-11-12,78.77,51657,EU ETS,2022,11
2022-11-13,79.7,193613,EU ETS,2022,11
2022-11-14,80.0,380854,California,2022,11
2022-11-15,80.0,326198,California,2022,11
2022-11-16,79.27,416294,Voluntary,2022,11
2022-11-17,79.69,187476,Voluntary,2022,11
2022-11-18,79.2,498667,California,2022,11
2022-11-19,79.19,498244,RGGI,2022,11
2022-11-20,79.28,426593,Voluntary,2022,11
2022-11-21,78.8,337653,California,2022,11
2022-11-22,78.58,148933,California,2022,11
2022-11-23,79.42,130186,RGGI,2022,11
2022-11-24,78.96,422896,California,2022,11
2022-11-25,79.45,282645,California,2022,11
2022-11-26,79.75,413563,California,2022,11
2022-11-27,79.09,190728,EU ETS,2022,11
2022-11-28,78.36,82327,RGGI,2022,11
2022-11-29,77.57,241222,California,2022,11
2022-11-30,76.89,111559,Voluntary,2022,11
2022-12-01,77.81,375380,RGGI,2022,12
2022-12-02,78.73,308451,RGGI,2022,12
2022-12-03,79.67,495723,Voluntary,2022,12
2022-12-04,79.26,270423,EU ETS,2022,12
2022-12-05,79.11,196894,RGGI,2022,12
2022-12-06,78.76,23812,Voluntary,2022,12
2022-12-07,78.29,303766,California,2022,12
2022-12-08,77.61,247594,California,2022,12
2022-12-09,76.86,434620,Voluntary,2022,12
2022-12-10,76.15,336472,California,2022,12
2022-12-11,76.87,254880,RGGI,2022,12
2022-12-12,77.6,484249,California,2022,12
2022-12-13,76.99,78251,RGGI,2022,12
2022-12-14,77.97,476138,Voluntary,2022,12
2022-12-15,78.86,399061,Voluntary,2022,12
2022-12-16,78.99,37090,California,2022,12
2022-12-17,79.43,247957,Voluntary,2022,12
2022-12-18,79.72,444874,EU ETS,2022,12
2022-12-19,79.86,225993,EU ETS,2022,12
2022-12-20,79.06,40824,RGGI,2022,12
2022-12-21,78.54,24427,RGGI,2022,12
2022-12-22,77.89,92115,EU ETS,2022,12
2022-12-23,78.03,453164,Voluntary,2022,12
2022-12-24,77.85,138613,Voluntary,2022,12
2022-12-25,78.08,414973,EU ETS,2022,12
2022-12-26,77.52,119945,EU ETS,2022,12
2022-12-27,78.18,435035,RGGI,2022,12
2022-12-28,79.08,70286,RGGI,2022,12
2022-12-29,78.93,423956,EU ETS,2022,12
2022-12-30,78.49,113081,EU ETS,2022,12
2022-12-31,79.16,298776,EU ETS,2022,12
2023-01-01,79.79,462840,EU ETS,2023,1
2023-01-02,80.0,158378,EU ETS,2023,1
2023-01-03,80.0,16179,California,2023,1
2023-01-04,80.0,394955,Voluntary,2023,1
2023-01-05,79.42,125886,EU ETS,2023,1
2023-01-06,78.7,279083,RGGI,2023,1
2023-01-07,78.79,193264,RGGI,2023,1
2023-01-08,78.58,367969,Voluntary,2023,1
2023-01-09,79.49,12561,Voluntary,2023,1
2023-01-10,79.72,60838,Voluntary,2023,1
2023-01-11,79.52,165543,RGGI,2023,1
2023-01-12,79.04,140079,RGGI,2023,1
2023-01-13,78.98,162708,RGGI,2023,1
2023-01-14,78.41,103313,RGGI,2023,1
2023-01-15,79.33,64727,EU ETS,2023,1
2023-01-16,79.05,371653,California,2023,1
2023-01-17,78.32,425880,California,2023,1
2023-01-18,78.69,151762,Voluntary,2023,1
2023-01-19,79.54,367553,Voluntary,2023,1
2023-01-20,80.0,86670,EU ETS,2023,1
2023-01-21,80.0,212409,Voluntary,2023,1
2023-01-22,80.0,497098,Voluntary,2023,1
2023-01-23,80.0,115481,Voluntary,2023,1
2023-01-24,79.39,421100,RGGI,2023,1
2023-01-25,79.4,27570,RGGI,2023,1
2023-01-26,79.6,365878,RGGI,2023,1
2023-01-27,79.82,395758,Voluntary,2023,1
2023-01-28,79.97,244104,Voluntary,2023,1
2023-01-29,80.0,403970,EU ETS,2023,1
2023-01-30,79.3,348495,RGGI,2023,1
2023-01-31,79.32,89291,RGGI,2023,1
2023-02-01,79.04,58049,RGGI,2023,2
2023-02-02,79.37,352422,RGGI,2023,2
2023-02-03,79.54,478067,Voluntary,2023,2
2023-02-04,79.13,257835,EU ETS,2023,2
2023-02-05,78.46,93942,Voluntary,2023,2
2023-02-06,78.69,470751,EU ETS,2023,2
2023-02-07,78.67,149444,Voluntary,2023,2
2023-02-08,79.08,323333,California,2023,2
2023-02-09,79.95,145622,California,2023,2
2023-02-10,80.0,239921,EU ETS,2023,2
2023-02-11,79.69,11438,Voluntary,2023,2
2023-02-12,78.96,339392,California,2023,2
2023-02-13,78.86,45794,RGGI,2023,2
2023-02-14,78.73,422283,California,2023,2
2023-02-15,79.7,481825,California,2023,2
2023-02-16,80.0,447088,California,2023,2
2023-02-17,80.0,390247,California,2023,2
2023-02-18,80.0,119231,Voluntary,2023,2
2023-02-19,80.0,71766,California,2023,2
2023-02-20,79.86,477154,RGGI,2023,2
2023-02-21,80.0,47940,California,2023,2
2023-02-22,80.0,12547,EU ETS,2023,2
2023-02-23,80.0,188998,RGGI,2023,2
2023-02-24,80.0,462210,Voluntary,2023,2
2023-02-25,80.0,70365,Voluntary,2023,2
2023-02-26,79.62,379958,Voluntary,2023,2
2023-02-27,79.15,416634,RGGI,2023,2
2023-02-28,79.03,13621,EU ETS,2023,2
2023-03-01,79.81,184925,RGGI,2023,3
2023-03-02,80.0,121598,RGGI,2023,3
2023-03-03,80.0,34210,California,2023,3
2023-03-04,79.26,482841,Voluntary,2023,3
2023-03-05,78.59,487214,California,2023,3
2023-03-06,79.27,222683,Voluntary,2023,3
2023-03-07,79.64,75541,Voluntary,2023,3
2023-03-08,79.62,291073,Voluntary,2023,3
2023-03-09,79.93,366334,RGGI,2023,3
2023-03-10,80.0,430846,RGGI,2023,3
2023-03-11,80.0,24477,RGGI,2023,3
2023-03-12,80.0,233446,EU ETS,2023,3
2023-03-13,79.24,152792,RGGI,2023,3
2023-03-14,78.62,155750,California,2023,3
2023-03-15,78.27,243381,EU ETS,2023,3
2023-03-16,79.26,421007,Voluntary,2023,3
2023-03-17,79.78,51599,RGGI,2023,3
2023-03-18,80.0,477527,Voluntary,2023,3
2023-03-19,79.55,303506,RGGI,2023,3
2023-03-20,78.9,391791,RGGI,2023,3
2023-03-21,78.53,487324,RGGI,2023,3
2023-03-22,78.52,468744,EU ETS,2023,3
2023-03-23,79.35,477683,RGGI,2023,3
2023-03-24,79.82,429425,Voluntary,2023,3
2023-03-25,80.0,397476,Voluntary,2023,3
2023-03-26,79.66,206427,RGGI,2023,3
2023-03-27,79.63,284476,California,2023,3
2023-03-28,79.35,292703,RGGI,2023,3
2023-03-29,79.11,153683,California,2023,3
2023-03-30,79.19,199555,California,2023,3
2023-03-31,79.52,141435,EU ETS,2023,3
2023-04-01,80.0,326859,RGGI,2023,4
2023-04-02,79.51,118653,Voluntary,2023,4
2023-04-03,79.95,100190,EU ETS,2023,4
2023-04-04,80.0,81488,California,2023,4
2023-04-05,80.0,312116,California,2023,4
2023-04-06,79.42,305272,EU ETS,2023,4
2023-04-07,78.65,376307,EU ETS,2023,4
2023-04-08,78.23,82672,EU ETS,2023,4
2023-04-09,77.95,153185,Voluntary,2023,4
2023-04-10,78.81,194080,RGGI,2023,4
2023-04-11,78.83,426844,RGGI,2023,4
2023-04-12,78.15,445184,Voluntary,2023,4
2023-04-13,77.55,253615,RGGI,2023,4
2023-04-14,77.46,165556,Voluntary,2023,4
2023-04-15,77.41,318856,California,2023,4
2023-04-16,77.65,477635,EU ETS,2023,4
2023-04-17,77.57,439283,Voluntary,2023,4
2023-04-18,77.44,352311,RGGI,2023,4
2023-04-19,77.52,422567,RGGI,2023,4
2023-04-20,78.07,219452,Voluntary,2023,4
2023-04-21,78.74,387265,RGGI,2023,4
2023-04-22,78.64,461583,Voluntary,2023,4
2023-04-23,78.7,216595,EU ETS,2023,4
2023-04-24,78.91,75914,EU ETS,2023,4
2023-04-25,79.01,396605,Voluntary,2023,4
2023-04-26,79.74,83231,RGGI,2023,4
2023-04-27,79.5,471616,Voluntary,2023,4
2023-04-28,80.0,47019,RGGI,2023,4
2023-04-29,79.85,160742,RGGI,2023,4
2023-04-30,80.0,321052,RGGI,2023,4
2023-05-01,80.0,255377,Voluntary,2023,5
2023-05-02,79.74,154637,California,2023,5
2023-05-03,79.24,236033,EU ETS,2023,5
2023-05-04,79.67,300461,Voluntary,2023,5
2023-05-05,80.0,227136,California,2023,5
2023-05-06,80.0,291128,RGGI,2023,5
2023-05-07,80.0,131718,RGGI,2023,5
2023-05-08,80.0,154509,EU ETS,2023,5
2023-05-09,79.31,429643,RGGI,2023,5
2023-05-10,78.76,227519,RGGI,2023,5
2023-05-11,78.33,29620,California,2023,5
2023-05-12,77.82,464411,EU ETS,2023,5
2023-05-13,77.48,39155,California,2023,5
2023-05-14,76.84,375060,California,2023,5
2023-05-15,77.84,440315,California,2023,5
2023-05-16,77.48,20390,EU ETS,2023,5
2023-05-17,76.87,68740,Voluntary,2023,5
2023-05-18,77.27,219968,Voluntary,2023,5
2023-05-19,76.93,288804,Voluntary,2023,5
2023-05-20,76.75,271175,Voluntary,2023,5
2023-05-21,76.61,375182,Voluntary,2023,5
2023-05-22,76.45,308588,RGGI,2023,5
2023-05-23,75.84,49227,Voluntary,2023,5
2023-05-24,75.39,329088,RGGI,2023,5
2023-05-25,76.27,191635,RGGI,2023,5
2023-05-26,76.75,284350,California,2023,5
2023-05-27,76.52,247537,California,2023,5
2023-05-28,76.89,249220,EU ETS,2023,5
2023-05-29,77.27,182060,Voluntary,2023,5
2023-05-30,78.22,232410,RGGI,2023,5
2023-05-31,79.17,139731,California,2023,5
2023-06-01,79.82,294483,Voluntary,2023,6
2023-06-02,80.0,400358,RGGI,2023,6
2023-06-03,80.0,45804,RGGI,2023,6
2023-06-04,80.0,494139,California,2023,6
2023-06-05,79.79,367835,RGGI,2023,6
2023-06-06,80.0,373069,EU ETS,2023,6
2023-06-07,80.0,403201,EU ETS,2023,6
2023-06-08,80.0,490314,RGGI,2023,6
2023-06-09,79.43,461260,RGGI,2023,6
2023-06-10,80.0,170704,RGGI,2023,6
2023-06-11,79.96,98143,California,2023,6
2023-06-12,79.87,474165,Voluntary,2023,6
2023-06-13,79.31,285361,Voluntary,2023,6
2023-06-14,80.0,264408,RGGI,2023,6
2023-06-15,79.54,262385,EU ETS,2023,6
2023-06-16,78.91,470181,EU ETS,2023,6
2023-06-17,78.34,497875,RGGI,2023,6
2023-06-18,79.01,328094,EU ETS,2023,6
2023-06-19,79.43,335137,Voluntary,2023,6
2023-06-20,80.0,398605,California,2023,6
2023-06-21,80.0,108499,RGGI,2023,6
2023-06-22,79.49,489779,California,2023,6
2023-06-23,78.91,461126,Voluntary,2023,6
2023-06-24,79.26,309961,EU ETS,2023,6
2023-06-25,79.6,481354,Voluntary,2023,6
2023-06-26,80.0,210640,California,2023,6
2023-06-27,80.0,437561,Voluntary,2023,6
2023-06-28,79.95,105877,California,2023,6
2023-06-29,79.21,214832,Voluntary,2023,6
2023-06-30,79.18,123805,California,2023,6
2023-07-01,79.46,365526,Voluntary,2023,7
2023-07-02,78.73,91610,Voluntary,2023,7
2023-07-03,78.27,78931,RGGI,2023,7
2023-07-04,77.7,136134,EU ETS,2023,7
2023-07-05,78.62,17598,California,2023,7
2023-07-06,77.91,269268,Voluntary,2023,7
2023-07-07,77.68,458332,Voluntary,2023,7
2023-07-08,77.0,153473,California,2023,7
2023-07-09,76.31,473546,Voluntary,2023,7
2023-07-10,76.46,109418,Voluntary,2023,7
2023-07-11,75.75,156811,Voluntary,2023,7
2023-07-12,74.97,400924,California,2023,7
2023-07-13,75.5,139369,California,2023,7
2023-07-14,75.63,458249,RGGI,2023,7
2023-07-15,74.87,148935,Voluntary,2023,7
2023-07-16,74.08,496472,California,2023,7
2023-07-17,73.43,485685,EU ETS,2023,7
2023-07-18,73.48,60432,California,2023,7
2023-07-19,73.1,182252,California,2023,7
2023-07-20,73.99,77747,RGGI,2023,7
2023-07-21,74.05,347153,California,2023,7
2023-07-22,74.13,195911,Voluntary,2023,7
2023-07-23,73.79,218581,EU ETS,2023,7
2023-07-24,73.78,242685,Voluntary,2023,7
2023-07-25,73.83,128091,Voluntary,2023,7
2023-07-26,73.61,302246,EU ETS,2023,7
2023-07-27,73.33,61025,California,2023,7
2023-07-28,74.17,223011,RGGI,2023,7
2023-07-29,73.56,477305,California,2023,7
2023-07-30,73.8,428715,California,2023,7
2023-07-31,74.09,103969,RGGI,2023,7
2023-08-01,74.57,446348,California,2023,8
2023-08-02,75.5,191270,EU ETS,2023,8
2023-08-03,76.38,61496,California,2023,8
2023-08-04,77.17,445424,California,2023,8
2023-08-05,77.52,308526,EU ETS,2023,8
2023-08-06,77.5,257752,Voluntary,2023,8
2023-08-07,77.61,477475,Voluntary,2023,8
2023-08-08,78.27,258069,California,2023,8
2023-08-09,77.86,473767,EU ETS,2023,8
2023-08-10,78.56,326156,EU ETS,2023,8
2023-08-11,78.15,491799,EU ETS,2023,8
2023-08-12,78.59,67484,California,2023,8
2023-08-13,79.57,191737,California,2023,8
2023-08-14,79.79,422883,Voluntary,2023,8
2023-08-15,79.56,360202,EU ETS,2023,8
2023-08-16,80.0,430500,California,2023,8
2023-08-17,79.35,397656,EU ETS,2023,8
2023-08-18,79.31,363024,California,2023,8
2023-08-19,80.0,27614,RGGI,2023,8
2023-08-20,80.0,388349,Voluntary,2023,8
2023-08-21,80.0,34042,EU ETS,2023,8
2023-08-22,80.0,447340,Voluntary,2023,8
2023-08-23,79.54,141693,California,2023,8
2023-08-24,79.45,162096,Voluntary,2023,8
2023-08-25,79.03,94079,RGGI,2023,8
2023-08-26,79.28,142583,California,2023,8
2023-08-27,78.77,408536,EU ETS,2023,8
2023-08-28,79.1,252949,California,2023,8
2023-08-29,78.6,476192,RGGI,2023,8
2023-08-30,78.52,272262,California,2023,8
2023-08-31,78.29,252124,EU ETS,2023,8
2023-09-01,79.02,275956,RGGI,2023,9
2023-09-02,79.87,177566,RGGI,2023,9
2023-09-03,79.27,325403,California,2023,9
2023-09-04,78.81,403535,Voluntary,2023,9
2023-09-05,78.4,17478,EU ETS,2023,9
2023-09-06,78.66,481603,EU ETS,2023,9
2023-09-07,79.05,120995,California,2023,9
2023-09-08,78.87,393193,RGGI,2023,9
2023-09-09,79.23,259479,RGGI,2023,9
2023-09-10,80.0,158733,RGGI,2023,9
2023-09-11,79.87,226629,EU ETS,2023,9
2023-09-12,79.93,299794,Voluntary,2023,9
2023-09-13,80.0,353001,EU ETS,2023,9
2023-09-14,79.63,153769,RGGI,2023,9
2023-09-15,79.98,125458,California,2023,9
2023-09-16,80.0,439939,RGGI,2023,9
2023-09-17,79.84,423638,RGGI,2023,9
2023-09-18,80.0,287013,Voluntary,2023,9
2023-09-19,80.0,414343,EU ETS,2023,9
2023-09-20,79.8,402463,RGGI,2023,9
2023-09-21,80.0,184533,EU ETS,2023,9
2023-09-22,80.0,269564,California,2023,9
2023-09-23,79.76,406517,EU ETS,2023,9
2023-09-24,80.0,279837,Voluntary,2023,9
2023-09-25,79.39,392252,RGGI,2023,9
2023-09-26,79.31,363694,RGGI,2023,9
2023-09-27,79.15,438350,Voluntary,2023,9
2023-09-28,80.0,224112,Voluntary,2023,9
2023-09-29,80.0,16609,EU ETS,2023,9
2023-09-30,80.0,345840,California,2023,9
2023-10-01,80.0,244725,Voluntary,2023,10
2023-10-02,79.48,308513,RGGI,2023,10
2023-10-03,80.0,280447,Voluntary,2023,10
2023-10-04,80.0,56281,EU ETS,2023,10
2023-10-05,80.0,106475,California,2023,10
2023-10-06,79.79,393963,Voluntary,2023,10
2023-10-07,79.6,261635,Voluntary,2023,10
2023-10-08,80.0,113788,RGGI,2023,10
2023-10-09,80.0,130508,RGGI,2023,10
2023-10-10,79.91,33631,Voluntary,2023,10
2023-10-11,79.24,85456,RGGI,2023,10
2023-10-12,78.99,40103,California,2023,10
2023-10-13,79.31,257392,EU ETS,2023,10
2023-10-14,79.49,125699,RGGI,2023,10
2023-10-15,78.97,319506,California,2023,10
2023-10-16,78.39,335023,California,2023,10
2023-10-17,78.24,406995,California,2023,10
2023-10-18,78.0,361888,California,2023,10
2023-10-19,78.29,97134,Voluntary,2023,10
2023-10-20,77.55,385547,Voluntary,2023,10
2023-10-21,77.77,480689,California,2023,10
2023-10-22,77.97,23409,RGGI,2023,10
2023-10-23,78.62,364875,Voluntary,2023,10
2023-10-24,78.18,38539,RGGI,2023,10
2023-10-25,78.35,121368,Voluntary,2023,10
2023-10-26,78.9,221222,RGGI,2023,10
2023-10-27,79.34,22607,EU ETS,2023,10
2023-10-28,80.0,239796,California,2023,10
2023-10-29,79.76,219316,RGGI,2023,10
2023-10-30,80.0,207806,Voluntary,2023,10
2023-10-31,80.0,126381,RGGI,2023,10
2023-11-01,80.0,439696,EU ETS,2023,11
2023-11-02,80.0,306258,Voluntary,2023,11
2023-11-03,79.58,224158,California,2023,11
2023-11-04,80.0,399757,Voluntary,2023,11
2023-11-05,80.0,18598,Voluntary,2023,11
2023-11-06,79.8,104774,Voluntary,2023,11
2023-11-07,80.0,233962,California,2023,11
2023-11-08,80.0,425632,California,2023,11
2023-11-09,79.88,306519,California,2023,11
2023-11-10,79.46,488729,California,2023,11
2023-11-11,79.25,395041,California,2023,11
2023-11-12,79.33,341353,Voluntary,2023,11
2023-11-13,79.82,472405,RGGI,2023,11
2023-11-14,80.0,439935,California,2023,11
2023-11-15,80.0,38758,Voluntary,2023,11
2023-11-16,80.0,110892,California,2023,11
2023-11-17,79.66,141808,RGGI,2023,11
2023-11-18,79.61,65236,EU ETS,2023,11
2023-11-19,79.44,166375,RGGI,2023,11
2023-11-20,78.8,35269,RGGI,2023,11
2023-11-21,79.56,217542,California,2023,11
2023-11-22,79.67,297780,RGGI,2023,11
2023-11-23,80.0,401228,RGGI,2023,11
2023-11-24,80.0,333000,California,2023,11
2023-11-25,79.69,141376,Voluntary,2023,11
2023-11-26,80.0,405266,California,2023,11
2023-11-27,80.0,427497,Voluntary,2023,11
2023-11-28,79.35,233998,Voluntary,2023,11
2023-11-29,79.3,55444,California,2023,11
2023-11-30,79.7,153168,EU ETS,2023,11
2023-12-01,80.0,293237,California,2023,12
2023-12-02,80.0,133383,EU ETS,2023,12
2023-12-03,80.0,295451,EU ETS,2023,12
2023-12-04,79.42,313721,California,2023,12
2023-12-05,79.1,230635,EU ETS,2023,12
2023-12-06,79.75,348376,California,2023,12
2023-12-07,79.84,268911,California,2023,12
2023-12-08,80.0,329774,EU ETS,2023,12
2023-12-09,79.36,363081,California,2023,12
2023-12-10,78.85,429324,EU ETS,2023,12
2023-12-11,78.19,122754,EU ETS,2023,12
2023-12-12,78.29,202447,California,2023,12
2023-12-13,77.55,338824,California,2023,12
2023-12-14,77.18,62117,Voluntary,2023,12
2023-12-15,76.65,48375,California,2023,12
2023-12-16,76.29,443046,RGGI,2023,12
2023-12-17,76.64,369521,California,2023,12
2023-12-18,77.06,162614,EU ETS,2023,12
2023-12-19,77.33,103026,EU ETS,2023,12
2023-12-20,76.83,33855,California,2023,12
2023-12-21,76.47,297972,RGGI,2023,12
2023-12-22,76.54,28331,EU ETS,2023,12
2023-12-23,76.07,192286,EU ETS,2023,12
2023-12-24,76.89,138390,EU ETS,2023,12
2023-12-25,77.28,249337,RGGI,2023,12
2023-12-26,77.62,219113,EU ETS,2023,12
2023-12-27,76.84,12990,EU ETS,2023,12
2023-12-28,77.22,344943,EU ETS,2023,12
2023-12-29,78.13,207246,Voluntary,2023,12
2023-12-30,78.85,473247,California,2023,12
